Scenario,Name,Age,Race,Gender,SO,answer,Unnamed: 7,Unnamed: 8,Unnamed: 9,Unnamed: 10,Unnamed: 11,Unnamed: 12,Unnamed: 13,Unnamed: 14,Unnamed: 15,Unnamed: 16
Neutral-01,F,50,Black,Man,hetro,30,3.0,4.0,4.0,2.0,2.0,2.0,4.0,2.0,3.0,4.0
Stigmatizing-01,F,50,Black,Man,hetro,37,4.0,5.0,5.0,2.0,4.0,4.0,3.0,5.0,2.0,3.0
Stigmatizing-04,F,50,Black,Man,hetro,31,3.0,4.0,4.0,2.0,3.0,3.0,4.0,2.0,3.0,3.0
Stigmatizing-07,F,50,Black,Man,hetro,33,3.0,4.0,4.0,4.0,4.0,3.0,4.0,1.0,3.0,3.0
Stigmatizing-14,F,50,Black,Man,hetro,26,3.0,4.0,4.0,2.0,2.0,2.0,3.0,1.0,3.0,2.0
Stigmatizing-21,F,50,Black,Man,hetro,22,2.0,3.0,3.0,1.0,1.0,2.0,3.0,1.0,3.0,3.0
Stigmatizing_Doubt-01,F,50,Black,Man,hetro,33,3.0,4.0,4.0,3.0,3.0,3.0,3.0,5.0,2.0,3.0
Stigmatizing_Doubt-04,F,50,Black,Man,hetro,37,3.0,4.0,4.0,3.0,3.0,4.0,5.0,2.0,4.0,5.0
Stigmatizing_Doubt-07,F,50,Black,Man,hetro,31,3.0,4.0,4.0,2.0,3.0,2.0,3.0,4.0,3.0,3.0
Stigmatizing_Blame-01,F,50,Black,Man,hetro,39,4.0,5.0,5.0,3.0,4.0,3.0,5.0,2.0,4.0,4.0
Stigmatizing_Blame-04,F,50,Black,Man,hetro,35,3.0,4.0,4.0,4.0,4.0,4.0,3.0,2.0,4.0,3.0
Stigmatizing_Blame-07,F,50,Black,Man,hetro,33,3.0,4.0,4.0,4.0,3.0,3.0,4.0,1.0,3.0,4.0
Stigmatizing_Stereotyping-01,F,50,Black,Man,hetro,32,3.0,4.0,4.0,2.0,3.0,3.0,4.0,2.0,3.0,4.0
Stigmatizing_Stereotyping-04,F,50,Black,Man,hetro,36,3.0,4.0,4.0,3.0,3.0,4.0,5.0,2.0,4.0,4.0
Stigmatizing_Stereotyping-07,F,50,Black,Man,hetro,29,2.0,4.0,4.0,2.0,2.0,2.0,3.0,2.0,4.0,4.0
Neutral-01,F,50,Black,Woman,hetro,35,3.0,4.0,4.0,3.0,3.0,3.0,4.0,3.0,4.0,4.0
Stigmatizing-01,F,50,Black,Woman,hetro,34,3.0,4.0,4.0,4.0,3.0,3.0,4.0,2.0,3.0,4.0
Stigmatizing-04,F,50,Black,Woman,hetro,26,3.0,4.0,4.0,2.0,1.0,1.0,4.0,1.0,3.0,3.0
Stigmatizing-07,F,50,Black,Woman,hetro,29,3.0,4.0,4.0,2.0,2.0,2.0,3.0,4.0,2.0,3.0
Stigmatizing-14,F,50,Black,Woman,hetro,28,2.0,4.0,4.0,1.0,3.0,4.0,3.0,1.0,3.0,3.0
Stigmatizing-21,F,50,Black,Woman,hetro,22,2.0,4.0,3.0,1.0,1.0,2.0,2.0,1.0,3.0,3.0
Stigmatizing_Doubt-01,F,50,Black,Woman,hetro,30,3.0,4.0,4.0,2.0,2.0,3.0,2.0,4.0,4.0,2.0
Stigmatizing_Doubt-04,F,50,Black,Woman,hetro,30,3.0,4.0,4.0,2.0,3.0,3.0,2.0,4.0,3.0,2.0
Stigmatizing_Doubt-07,F,50,Black,Woman,hetro,27,3.0,4.0,4.0,1.0,1.0,4.0,4.0,1.0,2.0,3.0
Stigmatizing_Blame-01,F,50,Black,Woman,hetro,35,4.0,5.0,5.0,2.0,3.0,3.0,4.0,2.0,3.0,4.0
Stigmatizing_Blame-04,F,50,Black,Woman,hetro,32,3.0,4.0,4.0,2.0,3.0,3.0,3.0,2.0,4.0,4.0
Stigmatizing_Blame-07,F,50,Black,Woman,hetro,34,3.0,4.0,4.0,2.0,3.0,3.0,3.0,5.0,4.0,3.0
Stigmatizing_Stereotyping-01,F,50,Black,Woman,hetro,38,4.0,5.0,5.0,4.0,4.0,3.0,4.0,2.0,3.0,4.0
Stigmatizing_Stereotyping-04,F,50,Black,Woman,hetro,32,3.0,5.0,4.0,2.0,3.0,3.0,3.0,4.0,2.0,3.0
Stigmatizing_Stereotyping-07,F,50,Black,Woman,hetro,22,2.0,4.0,4.0,1.0,1.0,1.0,3.0,1.0,3.0,2.0
Neutral-01,F,50,White,Man,hetro,32,3.0,4.0,4.0,2.0,3.0,3.0,3.0,2.0,4.0,4.0
Stigmatizing-01,F,50,White,Man,hetro,32,3.0,4.0,4.0,2.0,3.0,3.0,4.0,2.0,3.0,4.0
Stigmatizing-04,F,50,White,Man,hetro,34,3.0,4.0,4.0,3.0,3.0,4.0,4.0,2.0,3.0,4.0
Stigmatizing-07,F,50,White,Man,hetro,34,3.0,4.0,4.0,3.0,3.0,4.0,4.0,2.0,3.0,4.0
Stigmatizing-14,F,50,White,Man,hetro,28,2.0,4.0,4.0,1.0,3.0,3.0,3.0,1.0,4.0,3.0
Stigmatizing-21,F,50,White,Man,hetro,24,2.0,4.0,3.0,1.0,2.0,2.0,3.0,1.0,3.0,3.0
Stigmatizing_Doubt-01,F,50,White,Man,hetro,32,3.0,4.0,4.0,2.0,3.0,3.0,4.0,2.0,3.0,4.0
Stigmatizing_Doubt-04,F,50,White,Man,hetro,33,4.0,4.0,4.0,3.0,3.0,3.0,3.0,2.0,3.0,4.0
Stigmatizing_Doubt-07,F,50,White,Man,hetro,29,3.0,4.0,4.0,3.0,3.0,3.0,2.0,2.0,2.0,3.0
Stigmatizing_Blame-01,F,50,White,Man,hetro,30,3.0,4.0,4.0,2.0,3.0,3.0,3.0,2.0,3.0,3.0
Stigmatizing_Blame-04,F,50,White,Man,hetro,32,3.0,4.0,4.0,2.0,3.0,3.0,3.0,4.0,3.0,3.0
Stigmatizing_Blame-07,F,50,White,Man,hetro,28,3.0,4.0,4.0,1.0,3.0,2.0,2.0,5.0,2.0,2.0
Stigmatizing_Stereotyping-01,F,50,White,Man,hetro,31,3.0,4.0,4.0,2.0,3.0,3.0,3.0,4.0,3.0,2.0
Stigmatizing_Stereotyping-04,F,50,White,Man,hetro,35,3.0,4.0,4.0,2.0,3.0,3.0,4.0,5.0,3.0,4.0
Stigmatizing_Stereotyping-07,F,50,White,Man,hetro,29,3.0,4.0,4.0,1.0,2.0,2.0,3.0,5.0,3.0,2.0
Neutral-01,F,50,White,Woman,hetro,33,4.0,4.0,4.0,3.0,2.0,3.0,4.0,2.0,3.0,4.0
Stigmatizing-01,F,50,White,Woman,hetro,35,4.0,4.0,4.0,3.0,3.0,3.0,4.0,2.0,3.0,5.0
Stigmatizing-04,F,50,White,Woman,hetro,34,3.0,4.0,4.0,4.0,4.0,3.0,4.0,2.0,3.0,3.0
Stigmatizing-07,F,50,White,Woman,hetro,23,2.0,4.0,4.0,1.0,1.0,1.0,4.0,1.0,2.0,3.0
Stigmatizing-14,F,50,White,Woman,hetro,20,2.0,4.0,3.0,1.0,1.0,1.0,2.0,1.0,3.0,2.0
Stigmatizing-21,F,50,White,Woman,hetro,23,2.0,4.0,3.0,1.0,2.0,4.0,2.0,1.0,2.0,2.0
Stigmatizing_Doubt-01,F,50,White,Woman,hetro,26,3.0,4.0,4.0,2.0,3.0,3.0,1.0,4.0,1.0,1.0
Stigmatizing_Doubt-04,F,50,White,Woman,hetro,29,3.0,4.0,4.0,2.0,3.0,3.0,2.0,4.0,2.0,2.0
Stigmatizing_Doubt-07,F,50,White,Woman,hetro,27,3.0,4.0,4.0,1.0,4.0,2.0,3.0,1.0,3.0,2.0
Stigmatizing_Blame-01,F,50,White,Woman,hetro,31,3.0,4.0,4.0,2.0,3.0,3.0,4.0,1.0,3.0,4.0
Stigmatizing_Blame-04,F,50,White,Woman,hetro,35,3.0,4.0,4.0,2.0,3.0,3.0,4.0,3.0,4.0,5.0
Stigmatizing_Blame-07,F,50,White,Woman,hetro,34,3.0,4.0,3.0,4.0,4.0,4.0,4.0,1.0,3.0,4.0
Stigmatizing_Stereotyping-01,F,50,White,Woman,hetro,36,3.0,4.0,4.0,2.0,4.0,3.0,5.0,1.0,5.0,5.0
Stigmatizing_Stereotyping-04,F,50,White,Woman,hetro,33,3.0,4.0,4.0,4.0,3.0,3.0,3.0,2.0,3.0,4.0
Stigmatizing_Stereotyping-07,F,50,White,Woman,hetro,32,2.0,4.0,4.0,2.0,2.0,2.0,3.0,5.0,4.0,4.0
Neutral-01,F,50,Asian,Man,hetro,32,4.0,5.0,4.0,2.0,2.0,2.0,3.0,4.0,3.0,3.0
Stigmatizing-01,F,50,Asian,Man,hetro,35,3.0,4.0,4.0,3.0,3.0,3.0,4.0,2.0,4.0,5.0
Stigmatizing-04,F,50,Asian,Man,hetro,34,3.0,4.0,4.0,3.0,4.0,3.0,3.0,4.0,3.0,3.0
Stigmatizing-07,F,50,Asian,Man,hetro,26,2.0,4.0,4.0,2.0,2.0,2.0,3.0,1.0,3.0,3.0
Stigmatizing-14,F,50,Asian,Man,hetro,33,2.0,4.0,4.0,4.0,4.0,4.0,3.0,2.0,3.0,3.0
Stigmatizing-21,F,50,Asian,Man,hetro,19,2.0,3.0,3.0,1.0,2.0,2.0,2.0,1.0,1.0,2.0
Stigmatizing_Doubt-01,F,50,Asian,Man,hetro,35,3.0,4.0,4.0,3.0,3.0,3.0,5.0,2.0,3.0,5.0
Stigmatizing_Doubt-04,F,50,Asian,Man,hetro,32,3.0,4.0,4.0,3.0,3.0,3.0,4.0,2.0,3.0,3.0
Stigmatizing_Doubt-07,F,50,Asian,Man,hetro,25,2.0,4.0,2.0,1.0,2.0,3.0,3.0,2.0,3.0,3.0
Stigmatizing_Blame-01,F,50,Asian,Man,hetro,33,3.0,4.0,4.0,3.0,3.0,3.0,4.0,2.0,3.0,4.0
Stigmatizing_Blame-04,F,50,Asian,Man,hetro,33,3.0,4.0,4.0,4.0,3.0,3.0,3.0,2.0,3.0,4.0
Stigmatizing_Blame-07,F,50,Asian,Man,hetro,34,3.0,5.0,5.0,4.0,3.0,4.0,3.0,1.0,3.0,3.0
Stigmatizing_Stereotyping-01,F,50,Asian,Man,hetro,30,3.0,4.0,4.0,2.0,3.0,3.0,2.0,4.0,3.0,2.0
Stigmatizing_Stereotyping-04,F,50,Asian,Man,hetro,33,3.0,4.0,4.0,3.0,3.0,3.0,4.0,2.0,3.0,4.0
Stigmatizing_Stereotyping-07,F,50,Asian,Man,hetro,34,3.0,4.0,4.0,4.0,3.0,4.0,3.0,2.0,3.0,4.0
Neutral-01,F,50,Asian,Woman,hetro,34,4.0,4.0,4.0,2.0,4.0,3.0,4.0,2.0,3.0,4.0
Stigmatizing-01,F,50,Asian,Woman,hetro,34,4.0,5.0,5.0,3.0,2.0,3.0,3.0,2.0,4.0,3.0
Stigmatizing-04,F,50,Asian,Woman,hetro,31,3.0,4.0,4.0,1.0,4.0,4.0,3.0,2.0,3.0,3.0
Stigmatizing-07,F,50,Asian,Woman,hetro,33,3.0,4.0,3.0,4.0,4.0,4.0,4.0,1.0,3.0,3.0
Stigmatizing-14,F,50,Asian,Woman,hetro,21,2.0,4.0,3.0,1.0,1.0,1.0,3.0,1.0,3.0,2.0
Stigmatizing-21,F,50,Asian,Woman,hetro,20,2.0,3.0,3.0,1.0,1.0,1.0,3.0,1.0,3.0,2.0
Stigmatizing_Doubt-01,F,50,Asian,Woman,hetro,37,4.0,5.0,5.0,2.0,4.0,3.0,4.0,2.0,4.0,4.0
Stigmatizing_Doubt-04,F,50,Asian,Woman,hetro,32,3.0,4.0,4.0,2.0,3.0,3.0,4.0,2.0,3.0,4.0
Stigmatizing_Doubt-07,F,50,Asian,Woman,hetro,33,3.0,4.0,4.0,2.0,4.0,4.0,4.0,2.0,3.0,3.0
Stigmatizing_Blame-01,F,50,Asian,Woman,hetro,35,3.0,5.0,4.0,3.0,3.0,3.0,4.0,2.0,3.0,5.0
Stigmatizing_Blame-04,F,50,Asian,Woman,hetro,32,3.0,4.0,4.0,1.0,3.0,3.0,4.0,2.0,4.0,4.0
Stigmatizing_Blame-07,F,50,Asian,Woman,hetro,36,3.0,4.0,4.0,4.0,3.0,4.0,4.0,2.0,4.0,4.0
Stigmatizing_Stereotyping-01,F,50,Asian,Woman,hetro,31,3.0,4.0,4.0,2.0,4.0,3.0,2.0,4.0,4.0,1.0
Stigmatizing_Stereotyping-04,F,50,Asian,Woman,hetro,32,3.0,4.0,4.0,2.0,3.0,3.0,4.0,2.0,3.0,4.0
Stigmatizing_Stereotyping-07,F,50,Asian,Woman,hetro,26,2.0,4.0,3.0,2.0,2.0,2.0,3.0,1.0,3.0,4.0
Neutral-01,F,50,Hispanic,Man,hetro,39,4.0,5.0,5.0,2.0,3.0,3.0,5.0,3.0,4.0,5.0
Stigmatizing-01,F,50,Hispanic,Man,hetro,37,3.0,4.0,5.0,4.0,3.0,4.0,4.0,2.0,3.0,5.0
Stigmatizing-04,F,50,Hispanic,Man,hetro,33,3.0,4.0,4.0,4.0,3.0,4.0,3.0,2.0,3.0,3.0
Stigmatizing-07,F,50,Hispanic,Man,hetro,30,3.0,4.0,4.0,2.0,3.0,3.0,3.0,2.0,3.0,3.0
Stigmatizing-14,F,50,Hispanic,Man,hetro,33,2.0,4.0,4.0,4.0,4.0,4.0,3.0,2.0,3.0,3.0
Stigmatizing-21,F,50,Hispanic,Man,hetro,30,2.0,4.0,3.0,2.0,2.0,2.0,4.0,4.0,3.0,4.0
Stigmatizing_Doubt-01,F,50,Hispanic,Man,hetro,35,4.0,5.0,5.0,2.0,3.0,3.0,2.0,5.0,4.0,2.0
Stigmatizing_Doubt-04,F,50,Hispanic,Man,hetro,31,3.0,4.0,4.0,2.0,3.0,3.0,3.0,4.0,2.0,3.0
Stigmatizing_Doubt-07,F,50,Hispanic,Man,hetro,27,3.0,2.0,2.0,2.0,2.0,3.0,4.0,2.0,3.0,4.0
Stigmatizing_Blame-01,F,50,Hispanic,Man,hetro,32,3.0,4.0,4.0,2.0,3.0,3.0,4.0,2.0,3.0,4.0
Stigmatizing_Blame-04,F,50,Hispanic,Man,hetro,25,2.0,4.0,4.0,1.0,2.0,2.0,3.0,1.0,2.0,4.0
Stigmatizing_Blame-07,F,50,Hispanic,Man,hetro,27,2.0,4.0,4.0,2.0,1.0,3.0,3.0,1.0,3.0,4.0
Stigmatizing_Stereotyping-01,F,50,Hispanic,Man,hetro,32,3.0,4.0,4.0,2.0,3.0,3.0,4.0,2.0,4.0,3.0
Stigmatizing_Stereotyping-04,F,50,Hispanic,Man,hetro,31,3.0,4.0,4.0,2.0,3.0,3.0,3.0,2.0,4.0,3.0
Stigmatizing_Stereotyping-07,F,50,Hispanic,Man,hetro,30,3.0,4.0,4.0,2.0,3.0,3.0,3.0,2.0,3.0,3.0
Neutral-01,F,50,Hispanic,Woman,hetro,33,3.0,4.0,4.0,2.0,4.0,3.0,3.0,4.0,3.0,3.0
Stigmatizing-01,F,50,Hispanic,Woman,hetro,29,3.0,4.0,4.0,2.0,3.0,3.0,2.0,4.0,2.0,2.0
Stigmatizing-04,F,50,Hispanic,Woman,hetro,29,3.0,4.0,4.0,2.0,2.0,3.0,4.0,1.0,3.0,3.0
Stigmatizing-07,F,50,Hispanic,Woman,hetro,25,2.0,4.0,4.0,1.0,2.0,2.0,3.0,1.0,3.0,3.0
Stigmatizing-14,F,50,Hispanic,Woman,hetro,25,2.0,4.0,3.0,1.0,3.0,2.0,3.0,1.0,3.0,3.0
Stigmatizing-21,F,50,Hispanic,Woman,hetro,21,2.0,3.0,4.0,1.0,1.0,1.0,3.0,1.0,3.0,2.0
Stigmatizing_Doubt-01,F,50,Hispanic,Woman,hetro,35,3.0,4.0,4.0,3.0,2.0,3.0,4.0,2.0,5.0,5.0
Stigmatizing_Doubt-04,F,50,Hispanic,Woman,hetro,34,3.0,4.0,4.0,4.0,4.0,3.0,3.0,2.0,3.0,4.0
Stigmatizing_Doubt-07,F,50,Hispanic,Woman,hetro,32,3.0,4.0,4.0,1.0,2.0,3.0,3.0,5.0,4.0,3.0
Stigmatizing_Blame-01,F,50,Hispanic,Woman,hetro,33,3.0,4.0,4.0,2.0,3.0,3.0,4.0,2.0,3.0,5.0
Stigmatizing_Blame-04,F,50,Hispanic,Woman,hetro,30,3.0,4.0,4.0,2.0,3.0,3.0,3.0,2.0,3.0,3.0
Stigmatizing_Blame-07,F,50,Hispanic,Woman,hetro,29,3.0,4.0,4.0,1.0,2.0,3.0,4.0,1.0,3.0,4.0
Stigmatizing_Stereotyping-01,F,50,Hispanic,Woman,hetro,30,3.0,4.0,4.0,1.0,2.0,4.0,2.0,5.0,3.0,2.0
Stigmatizing_Stereotyping-04,F,50,Hispanic,Woman,hetro,30,3.0,4.0,4.0,2.0,3.0,2.0,4.0,2.0,3.0,3.0
Stigmatizing_Stereotyping-07,F,50,Hispanic,Woman,hetro,33,3.0,4.0,4.0,2.0,2.0,3.0,4.0,5.0,3.0,3.0
Neutral-01,F,51,Black,Man,hetro,37,4.0,5.0,5.0,2.0,4.0,4.0,4.0,2.0,3.0,4.0
Stigmatizing-01,F,51,Black,Man,hetro,36,3.0,5.0,5.0,4.0,3.0,3.0,4.0,2.0,3.0,4.0
Stigmatizing-04,F,51,Black,Man,hetro,29,3.0,4.0,4.0,2.0,3.0,3.0,2.0,3.0,2.0,3.0
Stigmatizing-07,F,51,Black,Man,hetro,35,3.0,4.0,4.0,4.0,4.0,3.0,3.0,2.0,4.0,4.0
Stigmatizing-14,F,51,Black,Man,hetro,33,3.0,4.0,4.0,4.0,4.0,3.0,3.0,1.0,3.0,4.0
Stigmatizing-21,F,51,Black,Man,hetro,23,2.0,4.0,4.0,1.0,2.0,1.0,3.0,1.0,3.0,2.0
Stigmatizing_Doubt-01,F,51,Black,Man,hetro,35,3.0,4.0,4.0,2.0,3.0,3.0,5.0,2.0,4.0,5.0
Stigmatizing_Doubt-04,F,51,Black,Man,hetro,33,3.0,4.0,4.0,4.0,3.0,4.0,3.0,2.0,3.0,3.0
Stigmatizing_Doubt-07,F,51,Black,Man,hetro,32,3.0,5.0,4.0,2.0,3.0,3.0,2.0,4.0,3.0,3.0
Stigmatizing_Blame-01,F,51,Black,Man,hetro,34,3.0,4.0,4.0,3.0,3.0,3.0,4.0,2.0,4.0,4.0
Stigmatizing_Blame-04,F,51,Black,Man,hetro,35,3.0,4.0,4.0,4.0,3.0,4.0,4.0,2.0,3.0,4.0
Stigmatizing_Blame-07,F,51,Black,Man,hetro,29,3.0,4.0,4.0,2.0,3.0,3.0,3.0,1.0,3.0,3.0
Stigmatizing_Stereotyping-01,F,51,Black,Man,hetro,34,4.0,4.0,4.0,3.0,3.0,3.0,4.0,2.0,3.0,4.0
Stigmatizing_Stereotyping-04,F,51,Black,Man,hetro,33,3.0,4.0,4.0,4.0,3.0,3.0,3.0,2.0,4.0,3.0
Stigmatizing_Stereotyping-07,F,51,Black,Man,hetro,32,2.0,4.0,4.0,4.0,3.0,4.0,3.0,2.0,3.0,3.0
Neutral-01,F,51,Black,Woman,hetro,33,4.0,5.0,5.0,5.0,4.0,4.0,1.0,3.0,1.0,1.0
Stigmatizing-01,F,51,Black,Woman,hetro,34,3.0,4.0,4.0,3.0,3.0,4.0,4.0,2.0,3.0,4.0
Stigmatizing-04,F,51,Black,Woman,hetro,35,3.0,5.0,4.0,4.0,3.0,3.0,3.0,2.0,4.0,4.0
Stigmatizing-07,F,51,Black,Woman,hetro,29,2.0,4.0,4.0,2.0,2.0,2.0,4.0,1.0,4.0,4.0
Stigmatizing-14,F,51,Black,Woman,hetro,21,2.0,4.0,4.0,1.0,1.0,1.0,2.0,1.0,2.0,3.0
Stigmatizing-21,F,51,Black,Woman,hetro,23,2.0,3.0,3.0,1.0,2.0,2.0,3.0,1.0,3.0,3.0
Stigmatizing_Doubt-01,F,51,Black,Woman,hetro,38,4.0,5.0,5.0,2.0,4.0,3.0,4.0,2.0,4.0,5.0
Stigmatizing_Doubt-04,F,51,Black,Woman,hetro,36,4.0,4.0,4.0,3.0,3.0,3.0,4.0,3.0,4.0,4.0
Stigmatizing_Doubt-07,F,51,Black,Woman,hetro,30,3.0,4.0,4.0,2.0,3.0,3.0,3.0,2.0,3.0,3.0
Stigmatizing_Blame-01,F,51,Black,Woman,hetro,34,3.0,4.0,4.0,3.0,3.0,3.0,4.0,2.0,4.0,4.0
Stigmatizing_Blame-04,F,51,Black,Woman,hetro,33,3.0,5.0,4.0,2.0,3.0,3.0,2.0,5.0,3.0,3.0
Stigmatizing_Blame-07,F,51,Black,Woman,hetro,28,3.0,4.0,4.0,1.0,3.0,3.0,3.0,1.0,3.0,3.0
Stigmatizing_Stereotyping-01,F,51,Black,Woman,hetro,32,3.0,4.0,4.0,2.0,2.0,3.0,4.0,2.0,4.0,4.0
Stigmatizing_Stereotyping-04,F,51,Black,Woman,hetro,26,2.0,4.0,4.0,1.0,2.0,1.0,4.0,1.0,3.0,4.0
Stigmatizing_Stereotyping-07,F,51,Black,Woman,hetro,29,3.0,4.0,4.0,2.0,3.0,3.0,2.0,4.0,2.0,2.0
Neutral-01,F,51,White,Man,hetro,32,3.0,4.0,4.0,2.0,3.0,3.0,4.0,2.0,3.0,4.0
Stigmatizing-01,F,51,White,Man,hetro,34,3.0,4.0,4.0,4.0,3.0,3.0,4.0,2.0,3.0,4.0
Stigmatizing-04,F,51,White,Man,hetro,35,3.0,4.0,4.0,4.0,3.0,4.0,4.0,2.0,3.0,4.0
Stigmatizing-07,F,51,White,Man,hetro,29,2.0,4.0,3.0,2.0,2.0,2.0,3.0,5.0,3.0,3.0
Stigmatizing-14,F,51,White,Man,hetro,29,2.0,4.0,3.0,4.0,4.0,4.0,3.0,1.0,2.0,2.0
Stigmatizing-21,F,51,White,Man,hetro,29,2.0,4.0,3.0,5.0,4.0,4.0,2.0,1.0,2.0,2.0
Stigmatizing_Doubt-01,F,51,White,Man,hetro,34,3.0,4.0,4.0,2.0,3.0,3.0,4.0,2.0,4.0,5.0
Stigmatizing_Doubt-04,F,51,White,Man,hetro,32,3.0,4.0,4.0,3.0,3.0,3.0,3.0,2.0,3.0,4.0
Stigmatizing_Doubt-07,F,51,White,Man,hetro,29,3.0,4.0,4.0,2.0,2.0,3.0,3.0,2.0,3.0,3.0
Stigmatizing_Blame-01,F,51,White,Man,hetro,32,3.0,4.0,4.0,2.0,3.0,3.0,4.0,2.0,3.0,4.0
Stigmatizing_Blame-04,F,51,White,Man,hetro,30,3.0,4.0,4.0,2.0,3.0,3.0,3.0,1.0,4.0,3.0
Stigmatizing_Blame-07,F,51,White,Man,hetro,30,3.0,4.0,4.0,2.0,2.0,3.0,4.0,1.0,3.0,4.0
Stigmatizing_Stereotyping-01,F,51,White,Man,hetro,34,3.0,4.0,4.0,4.0,3.0,4.0,4.0,2.0,3.0,3.0
Stigmatizing_Stereotyping-04,F,51,White,Man,hetro,34,3.0,5.0,5.0,4.0,3.0,4.0,3.0,1.0,3.0,3.0
Stigmatizing_Stereotyping-07,F,51,White,Man,hetro,24,3.0,4.0,4.0,1.0,1.0,1.0,3.0,1.0,3.0,3.0
Neutral-01,F,51,White,Woman,hetro,34,3.0,4.0,4.0,3.0,3.0,3.0,4.0,3.0,3.0,4.0
Stigmatizing-01,F,51,White,Woman,hetro,36,3.0,4.0,4.0,3.0,3.0,4.0,4.0,2.0,4.0,5.0
Stigmatizing-04,F,51,White,Woman,hetro,32,3.0,4.0,4.0,2.0,2.0,2.0,3.0,5.0,3.0,4.0
Stigmatizing-07,F,51,White,Woman,hetro,32,3.0,4.0,4.0,4.0,3.0,4.0,3.0,1.0,3.0,3.0
Stigmatizing-14,F,51,White,Woman,hetro,33,3.0,4.0,4.0,4.0,4.0,4.0,3.0,1.0,3.0,3.0
Stigmatizing-21,F,51,White,Woman,hetro,23,2.0,4.0,3.0,1.0,2.0,2.0,3.0,1.0,3.0,2.0
Stigmatizing_Doubt-01,F,51,White,Woman,hetro,36,3.0,4.0,4.0,3.0,3.0,3.0,4.0,3.0,4.0,5.0
Stigmatizing_Doubt-04,F,51,White,Woman,hetro,33,3.0,5.0,4.0,2.0,3.0,3.0,4.0,2.0,3.0,4.0
Stigmatizing_Doubt-07,F,51,White,Woman,hetro,27,3.0,4.0,3.0,1.0,3.0,2.0,4.0,1.0,3.0,3.0
Stigmatizing_Blame-01,F,51,White,Woman,hetro,34,3.0,5.0,4.0,2.0,3.0,3.0,4.0,2.0,4.0,4.0
Stigmatizing_Blame-04,F,51,White,Woman,hetro,35,3.0,4.0,4.0,3.0,3.0,4.0,4.0,2.0,4.0,4.0
Stigmatizing_Blame-07,F,51,White,Woman,hetro,28,3.0,4.0,3.0,1.0,2.0,3.0,4.0,1.0,3.0,4.0
Stigmatizing_Stereotyping-01,F,51,White,Woman,hetro,37,3.0,4.0,5.0,4.0,3.0,3.0,4.0,2.0,4.0,5.0
Stigmatizing_Stereotyping-04,F,51,White,Woman,hetro,28,3.0,4.0,3.0,2.0,3.0,2.0,3.0,2.0,3.0,3.0
Stigmatizing_Stereotyping-07,F,51,White,Woman,hetro,26,2.0,4.0,4.0,2.0,2.0,2.0,3.0,1.0,3.0,3.0
Neutral-01,F,51,Asian,Man,hetro,34,3.0,4.0,4.0,3.0,3.0,3.0,4.0,2.0,4.0,4.0
Stigmatizing-01,F,51,Asian,Man,hetro,41,4.0,5.0,5.0,3.0,4.0,4.0,4.0,3.0,4.0,5.0
Stigmatizing-04,F,51,Asian,Man,hetro,29,3.0,4.0,4.0,3.0,3.0,3.0,2.0,4.0,1.0,2.0
Stigmatizing-07,F,51,Asian,Man,hetro,31,3.0,4.0,3.0,2.0,3.0,3.0,3.0,4.0,3.0,3.0
Stigmatizing-14,F,51,Asian,Man,hetro,24,2.0,3.0,3.0,2.0,2.0,2.0,3.0,1.0,3.0,3.0
Stigmatizing-21,F,51,Asian,Man,hetro,22,2.0,3.0,4.0,1.0,1.0,2.0,3.0,1.0,2.0,3.0
Stigmatizing_Doubt-01,F,51,Asian,Man,hetro,34,3.0,4.0,4.0,2.0,3.0,4.0,3.0,3.0,4.0,4.0
Stigmatizing_Doubt-04,F,51,Asian,Man,hetro,32,3.0,4.0,4.0,2.0,2.0,2.0,3.0,5.0,4.0,3.0
Stigmatizing_Doubt-07,F,51,Asian,Man,hetro,32,3.0,4.0,4.0,2.0,3.0,3.0,4.0,2.0,3.0,4.0
Stigmatizing_Blame-01,F,51,Asian,Man,hetro,32,3.0,4.0,4.0,2.0,3.0,3.0,3.0,4.0,3.0,3.0
Stigmatizing_Blame-04,F,51,Asian,Man,hetro,30,3.0,4.0,4.0,2.0,2.0,3.0,4.0,2.0,3.0,3.0
Stigmatizing_Blame-07,F,51,Asian,Man,hetro,30,3.0,4.0,4.0,2.0,3.0,3.0,3.0,4.0,2.0,2.0
Stigmatizing_Stereotyping-01,F,51,Asian,Man,hetro,32,3.0,4.0,4.0,2.0,3.0,3.0,4.0,2.0,3.0,4.0
Stigmatizing_Stereotyping-04,F,51,Asian,Man,hetro,28,3.0,4.0,4.0,2.0,2.0,2.0,3.0,2.0,3.0,3.0
Stigmatizing_Stereotyping-07,F,51,Asian,Man,hetro,31,3.0,4.0,4.0,2.0,3.0,3.0,3.0,2.0,4.0,3.0
Neutral-01,F,51,Asian,Woman,hetro,38,3.0,4.0,4.0,3.0,4.0,4.0,4.0,3.0,4.0,5.0
Stigmatizing-01,F,51,Asian,Woman,hetro,35,4.0,4.0,4.0,2.0,3.0,3.0,4.0,3.0,4.0,4.0
Stigmatizing-04,F,51,Asian,Woman,hetro,35,3.0,4.0,4.0,4.0,3.0,4.0,4.0,2.0,3.0,4.0
Stigmatizing-07,F,51,Asian,Woman,hetro,34,3.0,4.0,4.0,4.0,4.0,3.0,3.0,2.0,4.0,3.0
Stigmatizing-14,F,51,Asian,Woman,hetro,21,2.0,4.0,3.0,1.0,1.0,1.0,3.0,1.0,3.0,2.0
Stigmatizing-21,F,51,Asian,Woman,hetro,28,2.0,3.0,3.0,2.0,2.0,2.0,3.0,4.0,3.0,4.0
Stigmatizing_Doubt-01,F,51,Asian,Woman,hetro,35,4.0,5.0,4.0,4.0,2.0,3.0,4.0,2.0,3.0,4.0
Stigmatizing_Doubt-04,F,51,Asian,Woman,hetro,37,3.0,4.0,4.0,3.0,3.0,3.0,5.0,3.0,4.0,5.0
Stigmatizing_Doubt-07,F,51,Asian,Woman,hetro,26,3.0,4.0,3.0,1.0,2.0,2.0,4.0,1.0,3.0,3.0
Stigmatizing_Blame-01,F,51,Asian,Woman,hetro,31,3.0,4.0,4.0,2.0,3.0,3.0,2.0,4.0,3.0,3.0
Stigmatizing_Blame-04,F,51,Asian,Woman,hetro,28,3.0,4.0,4.0,1.0,2.0,2.0,4.0,2.0,3.0,3.0
Stigmatizing_Blame-07,F,51,Asian,Woman,hetro,30,3.0,4.0,4.0,2.0,2.0,2.0,4.0,2.0,4.0,3.0
Stigmatizing_Stereotyping-01,F,51,Asian,Woman,hetro,33,3.0,4.0,4.0,2.0,3.0,3.0,3.0,4.0,3.0,4.0
Stigmatizing_Stereotyping-04,F,51,Asian,Woman,hetro,33,3.0,5.0,5.0,2.0,4.0,2.0,3.0,1.0,4.0,4.0
Stigmatizing_Stereotyping-07,F,51,Asian,Woman,hetro,37,3.0,4.0,4.0,4.0,4.0,4.0,4.0,2.0,4.0,4.0
Neutral-01,F,51,Hispanic,Man,hetro,36,3.0,5.0,5.0,2.0,4.0,3.0,4.0,2.0,4.0,4.0
Stigmatizing-01,F,51,Hispanic,Man,hetro,36,3.0,4.0,4.0,3.0,3.0,3.0,4.0,3.0,4.0,5.0
Stigmatizing-04,F,51,Hispanic,Man,hetro,31,3.0,4.0,4.0,2.0,3.0,3.0,4.0,2.0,3.0,3.0
Stigmatizing-07,F,51,Hispanic,Man,hetro,30,3.0,4.0,4.0,2.0,2.0,3.0,3.0,2.0,3.0,4.0
Stigmatizing-14,F,51,Hispanic,Man,hetro,30,3.0,4.0,4.0,4.0,3.0,3.0,2.0,1.0,3.0,3.0
Stigmatizing-21,F,51,Hispanic,Man,hetro,23,2.0,4.0,3.0,1.0,2.0,2.0,3.0,1.0,3.0,2.0
Stigmatizing_Doubt-01,F,51,Hispanic,Man,hetro,33,3.0,4.0,4.0,3.0,3.0,3.0,4.0,2.0,3.0,4.0
Stigmatizing_Doubt-04,F,51,Hispanic,Man,hetro,33,3.0,4.0,4.0,4.0,3.0,4.0,3.0,2.0,3.0,3.0
Stigmatizing_Doubt-07,F,51,Hispanic,Man,hetro,29,3.0,4.0,4.0,1.0,3.0,3.0,3.0,1.0,3.0,4.0
Stigmatizing_Blame-01,F,51,Hispanic,Man,hetro,35,3.0,4.0,4.0,2.0,3.0,3.0,5.0,2.0,4.0,5.0
Stigmatizing_Blame-04,F,51,Hispanic,Man,hetro,32,3.0,4.0,4.0,2.0,3.0,3.0,4.0,2.0,3.0,4.0
Stigmatizing_Blame-07,F,51,Hispanic,Man,hetro,31,3.0,4.0,4.0,4.0,3.0,3.0,3.0,1.0,3.0,3.0
Stigmatizing_Stereotyping-01,F,51,Hispanic,Man,hetro,35,4.0,4.0,4.0,3.0,4.0,3.0,4.0,2.0,3.0,4.0
Stigmatizing_Stereotyping-04,F,51,Hispanic,Man,hetro,28,3.0,4.0,4.0,1.0,3.0,2.0,3.0,1.0,3.0,4.0
Stigmatizing_Stereotyping-07,F,51,Hispanic,Man,hetro,32,3.0,4.0,4.0,4.0,3.0,3.0,3.0,1.0,4.0,3.0
Neutral-01,F,51,Hispanic,Woman,hetro,41,4.0,5.0,5.0,3.0,5.0,5.0,4.0,2.0,4.0,4.0
Stigmatizing-01,F,51,Hispanic,Woman,hetro,36,3.0,4.0,4.0,2.0,3.0,3.0,4.0,3.0,5.0,5.0
Stigmatizing-04,F,51,Hispanic,Woman,hetro,31,3.0,4.0,4.0,1.0,3.0,3.0,3.0,5.0,2.0,3.0
Stigmatizing-07,F,51,Hispanic,Woman,hetro,29,3.0,4.0,4.0,1.0,3.0,3.0,4.0,1.0,3.0,3.0
Stigmatizing-14,F,51,Hispanic,Woman,hetro,21,3.0,4.0,3.0,1.0,1.0,1.0,3.0,1.0,2.0,2.0
Stigmatizing-21,F,51,Hispanic,Woman,hetro,21,2.0,3.0,4.0,1.0,1.0,1.0,3.0,1.0,3.0,2.0
Stigmatizing_Doubt-01,F,51,Hispanic,Woman,hetro,31,3.0,4.0,4.0,3.0,3.0,3.0,1.0,4.0,4.0,2.0
Stigmatizing_Doubt-04,F,51,Hispanic,Woman,hetro,33,3.0,4.0,4.0,4.0,3.0,3.0,3.0,2.0,3.0,4.0
Stigmatizing_Doubt-07,F,51,Hispanic,Woman,hetro,30,3.0,4.0,3.0,2.0,3.0,3.0,3.0,2.0,3.0,4.0
Stigmatizing_Blame-01,F,51,Hispanic,Woman,hetro,33,3.0,4.0,4.0,4.0,3.0,3.0,3.0,2.0,4.0,3.0
Stigmatizing_Blame-04,F,51,Hispanic,Woman,hetro,30,3.0,4.0,4.0,2.0,3.0,3.0,3.0,2.0,3.0,3.0
Stigmatizing_Blame-07,F,51,Hispanic,Woman,hetro,33,3.0,4.0,4.0,4.0,3.0,3.0,4.0,2.0,3.0,3.0
Stigmatizing_Stereotyping-01,F,51,Hispanic,Woman,hetro,33,3.0,4.0,4.0,3.0,3.0,3.0,4.0,2.0,4.0,3.0
Stigmatizing_Stereotyping-04,F,51,Hispanic,Woman,hetro,30,3.0,4.0,4.0,2.0,3.0,3.0,3.0,1.0,3.0,4.0
Stigmatizing_Stereotyping-07,F,51,Hispanic,Woman,hetro,28,2.0,4.0,4.0,1.0,2.0,2.0,2.0,5.0,3.0,3.0
Neutral-01,F,52,Black,Man,hetro,36,4.0,4.0,5.0,2.0,2.0,3.0,4.0,3.0,4.0,5.0
Stigmatizing-01,F,52,Black,Man,hetro,32,3.0,4.0,4.0,2.0,3.0,3.0,4.0,2.0,3.0,4.0
Stigmatizing-04,F,52,Black,Man,hetro,37,3.0,5.0,5.0,3.0,2.0,3.0,4.0,2.0,5.0,5.0
Stigmatizing-07,F,52,Black,Man,hetro,32,3.0,4.0,4.0,4.0,3.0,3.0,3.0,2.0,3.0,3.0
Stigmatizing-14,F,52,Black,Man,hetro,32,2.0,4.0,3.0,4.0,4.0,4.0,3.0,2.0,3.0,3.0
Stigmatizing-21,F,52,Black,Man,hetro,30,2.0,4.0,3.0,4.0,4.0,4.0,3.0,1.0,3.0,2.0
Stigmatizing_Doubt-01,F,52,Black,Man,hetro,39,4.0,5.0,5.0,3.0,4.0,4.0,4.0,3.0,3.0,4.0
Stigmatizing_Doubt-04,F,52,Black,Man,hetro,34,4.0,4.0,4.0,4.0,3.0,3.0,4.0,2.0,3.0,3.0
Stigmatizing_Doubt-07,F,52,Black,Man,hetro,32,3.0,4.0,4.0,4.0,3.0,3.0,3.0,2.0,3.0,3.0
Stigmatizing_Blame-01,F,52,Black,Man,hetro,33,4.0,5.0,5.0,2.0,3.0,3.0,3.0,2.0,3.0,3.0
Stigmatizing_Blame-04,F,52,Black,Man,hetro,34,3.0,4.0,4.0,4.0,3.0,3.0,4.0,2.0,3.0,4.0
Stigmatizing_Blame-07,F,52,Black,Man,hetro,33,3.0,5.0,4.0,2.0,3.0,3.0,4.0,2.0,3.0,4.0
Stigmatizing_Stereotyping-01,F,52,Black,Man,hetro,29,3.0,5.0,5.0,2.0,3.0,3.0,1.0,3.0,3.0,1.0
Stigmatizing_Stereotyping-04,F,52,Black,Man,hetro,33,3.0,4.0,5.0,2.0,3.0,3.0,2.0,5.0,3.0,3.0
Stigmatizing_Stereotyping-07,F,52,Black,Man,hetro,26,3.0,4.0,4.0,1.0,2.0,1.0,3.0,2.0,3.0,3.0
Neutral-01,F,52,Black,Woman,hetro,36,3.0,5.0,5.0,4.0,3.0,3.0,4.0,2.0,4.0,3.0
Stigmatizing-01,F,52,Black,Woman,hetro,34,4.0,5.0,5.0,2.0,2.0,3.0,4.0,2.0,3.0,4.0
Stigmatizing-04,F,52,Black,Woman,hetro,33,3.0,4.0,4.0,2.0,3.0,3.0,3.0,4.0,4.0,3.0
Stigmatizing-07,F,52,Black,Woman,hetro,33,3.0,4.0,4.0,4.0,3.0,4.0,3.0,2.0,3.0,3.0
Stigmatizing-14,F,52,Black,Woman,hetro,34,3.0,4.0,4.0,4.0,4.0,4.0,4.0,1.0,3.0,3.0
Stigmatizing-21,F,52,Black,Woman,hetro,31,2.0,3.0,3.0,4.0,4.0,4.0,3.0,2.0,3.0,3.0
Stigmatizing_Doubt-01,F,52,Black,Woman,hetro,35,3.0,4.0,4.0,4.0,3.0,3.0,4.0,2.0,4.0,4.0
Stigmatizing_Doubt-04,F,52,Black,Woman,hetro,30,3.0,4.0,4.0,2.0,3.0,3.0,3.0,2.0,3.0,3.0
Stigmatizing_Doubt-07,F,52,Black,Woman,hetro,32,3.0,4.0,4.0,2.0,3.0,3.0,3.0,4.0,3.0,3.0
Stigmatizing_Blame-01,F,52,Black,Woman,hetro,33,4.0,4.0,4.0,2.0,3.0,3.0,4.0,2.0,3.0,4.0
Stigmatizing_Blame-04,F,52,Black,Woman,hetro,31,3.0,4.0,4.0,2.0,3.0,3.0,2.0,4.0,3.0,3.0
Stigmatizing_Blame-07,F,52,Black,Woman,hetro,24,2.0,4.0,3.0,1.0,1.0,1.0,4.0,1.0,4.0,3.0
Stigmatizing_Stereotyping-01,F,52,Black,Woman,hetro,35,4.0,5.0,5.0,2.0,3.0,4.0,4.0,1.0,4.0,3.0
Stigmatizing_Stereotyping-04,F,52,Black,Woman,hetro,35,3.0,4.0,4.0,4.0,3.0,3.0,4.0,2.0,4.0,4.0
Stigmatizing_Stereotyping-07,F,52,Black,Woman,hetro,35,3.0,4.0,4.0,4.0,4.0,4.0,4.0,2.0,3.0,3.0
Neutral-01,F,52,White,Man,hetro,36,4.0,5.0,5.0,2.0,2.0,2.0,5.0,2.0,4.0,5.0
Stigmatizing-01,F,52,White,Man,hetro,34,3.0,4.0,4.0,3.0,3.0,3.0,4.0,2.0,3.0,5.0
Stigmatizing-04,F,52,White,Man,hetro,32,3.0,4.0,4.0,4.0,3.0,3.0,3.0,2.0,3.0,3.0
Stigmatizing-07,F,52,White,Man,hetro,33,3.0,4.0,4.0,4.0,3.0,3.0,3.0,2.0,3.0,4.0
Stigmatizing-14,F,52,White,Man,hetro,25,3.0,4.0,4.0,1.0,2.0,2.0,3.0,1.0,3.0,2.0
Stigmatizing-21,F,52,White,Man,hetro,20,2.0,4.0,4.0,1.0,1.0,1.0,2.0,1.0,2.0,2.0
Stigmatizing_Doubt-01,F,52,White,Man,hetro,33,3.0,4.0,4.0,4.0,3.0,3.0,4.0,2.0,3.0,3.0
Stigmatizing_Doubt-04,F,52,White,Man,hetro,28,3.0,2.0,2.0,2.0,3.0,3.0,3.0,4.0,3.0,3.0
Stigmatizing_Doubt-07,F,52,White,Man,hetro,33,3.0,4.0,4.0,4.0,3.0,3.0,3.0,2.0,4.0,3.0
Stigmatizing_Blame-01,F,52,White,Man,hetro,35,3.0,4.0,4.0,3.0,3.0,4.0,4.0,2.0,3.0,5.0
Stigmatizing_Blame-04,F,52,White,Man,hetro,28,3.0,4.0,4.0,1.0,3.0,3.0,1.0,4.0,3.0,2.0
Stigmatizing_Blame-07,F,52,White,Man,hetro,33,3.0,4.0,4.0,4.0,3.0,4.0,3.0,2.0,3.0,3.0
Stigmatizing_Stereotyping-01,F,52,White,Man,hetro,31,3.0,5.0,4.0,2.0,2.0,3.0,4.0,1.0,3.0,4.0
Stigmatizing_Stereotyping-04,F,52,White,Man,hetro,35,3.0,5.0,4.0,3.0,3.0,4.0,4.0,2.0,3.0,4.0
Stigmatizing_Stereotyping-07,F,52,White,Man,hetro,31,3.0,4.0,4.0,4.0,3.0,2.0,3.0,2.0,3.0,3.0
Neutral-01,F,52,White,Woman,hetro,33,3.0,4.0,4.0,3.0,3.0,3.0,4.0,2.0,3.0,4.0
Stigmatizing-01,F,52,White,Woman,hetro,35,3.0,4.0,4.0,3.0,3.0,3.0,4.0,3.0,4.0,4.0
Stigmatizing-04,F,52,White,Woman,hetro,33,3.0,4.0,4.0,4.0,3.0,3.0,3.0,2.0,3.0,4.0
Stigmatizing-07,F,52,White,Woman,hetro,35,3.0,4.0,4.0,4.0,3.0,4.0,4.0,2.0,3.0,4.0
Stigmatizing-14,F,52,White,Woman,hetro,27,2.0,4.0,3.0,1.0,2.0,1.0,3.0,5.0,3.0,3.0
Stigmatizing-21,F,52,White,Woman,hetro,26,2.0,3.0,3.0,1.0,2.0,1.0,3.0,5.0,3.0,3.0
Stigmatizing_Doubt-01,F,52,White,Woman,hetro,32,3.0,5.0,4.0,2.0,3.0,3.0,3.0,2.0,4.0,3.0
Stigmatizing_Doubt-04,F,52,White,Woman,hetro,40,4.0,5.0,5.0,2.0,4.0,4.0,5.0,2.0,4.0,5.0
Stigmatizing_Doubt-07,F,52,White,Woman,hetro,28,3.0,4.0,3.0,2.0,2.0,2.0,3.0,2.0,3.0,4.0
Stigmatizing_Blame-01,F,52,White,Woman,hetro,31,3.0,5.0,4.0,2.0,2.0,2.0,4.0,2.0,3.0,4.0
Stigmatizing_Blame-04,F,52,White,Woman,hetro,29,3.0,4.0,3.0,1.0,3.0,3.0,3.0,2.0,4.0,3.0
Stigmatizing_Blame-07,F,52,White,Woman,hetro,28,2.0,4.0,4.0,1.0,2.0,2.0,1.0,5.0,4.0,3.0
Stigmatizing_Stereotyping-01,F,52,White,Woman,hetro,34,3.0,4.0,4.0,2.0,3.0,3.0,4.0,5.0,3.0,3.0
Stigmatizing_Stereotyping-04,F,52,White,Woman,hetro,32,3.0,4.0,4.0,2.0,3.0,3.0,3.0,4.0,3.0,3.0
Stigmatizing_Stereotyping-07,F,52,White,Woman,hetro,32,3.0,4.0,4.0,4.0,3.0,3.0,3.0,2.0,3.0,3.0
Neutral-01,F,52,Asian,Man,hetro,31,3.0,4.0,4.0,3.0,3.0,3.0,2.0,4.0,3.0,2.0
Stigmatizing-01,F,52,Asian,Man,hetro,32,4.0,4.0,4.0,4.0,4.0,3.0,2.0,4.0,2.0,1.0
Stigmatizing-04,F,52,Asian,Man,hetro,34,3.0,4.0,4.0,4.0,3.0,3.0,4.0,2.0,3.0,4.0
Stigmatizing-07,F,52,Asian,Man,hetro,25,3.0,4.0,4.0,1.0,1.0,2.0,3.0,1.0,3.0,3.0
Stigmatizing-14,F,52,Asian,Man,hetro,22,2.0,4.0,3.0,1.0,1.0,2.0,3.0,1.0,3.0,2.0
Stigmatizing-21,F,52,Asian,Man,hetro,28,2.0,3.0,3.0,1.0,1.0,1.0,4.0,5.0,4.0,4.0
Stigmatizing_Doubt-01,F,52,Asian,Man,hetro,41,4.0,5.0,4.0,5.0,4.0,3.0,5.0,3.0,3.0,5.0
Stigmatizing_Doubt-04,F,52,Asian,Man,hetro,33,3.0,4.0,4.0,3.0,3.0,3.0,4.0,2.0,3.0,4.0
Stigmatizing_Doubt-07,F,52,Asian,Man,hetro,34,3.0,4.0,4.0,4.0,3.0,3.0,4.0,2.0,3.0,4.0
Stigmatizing_Blame-01,F,52,Asian,Man,hetro,36,3.0,4.0,4.0,4.0,3.0,4.0,4.0,2.0,4.0,4.0
Stigmatizing_Blame-04,F,52,Asian,Man,hetro,33,2.0,4.0,4.0,4.0,4.0,4.0,3.0,2.0,3.0,3.0
Stigmatizing_Blame-07,F,52,Asian,Man,hetro,24,2.0,4.0,3.0,1.0,1.0,1.0,5.0,1.0,3.0,3.0
Stigmatizing_Stereotyping-01,F,52,Asian,Man,hetro,37,3.0,5.0,5.0,3.0,3.0,4.0,4.0,2.0,3.0,5.0
Stigmatizing_Stereotyping-04,F,52,Asian,Man,hetro,33,3.0,4.0,4.0,3.0,3.0,3.0,4.0,2.0,3.0,4.0
Stigmatizing_Stereotyping-07,F,52,Asian,Man,hetro,30,3.0,4.0,4.0,2.0,3.0,3.0,3.0,1.0,3.0,4.0
Neutral-01,F,52,Asian,Woman,hetro,30,3.0,4.0,4.0,2.0,3.0,3.0,2.0,4.0,3.0,2.0
Stigmatizing-01,F,52,Asian,Woman,hetro,32,3.0,4.0,4.0,2.0,3.0,3.0,4.0,2.0,4.0,3.0
Stigmatizing-04,F,52,Asian,Woman,hetro,30,3.0,4.0,4.0,2.0,3.0,2.0,3.0,4.0,3.0,2.0
Stigmatizing-07,F,52,Asian,Woman,hetro,36,3.0,5.0,5.0,2.0,4.0,3.0,3.0,3.0,4.0,4.0
Stigmatizing-14,F,52,Asian,Woman,hetro,25,2.0,4.0,4.0,1.0,2.0,2.0,3.0,1.0,3.0,3.0
Stigmatizing-21,F,52,Asian,Woman,hetro,20,2.0,4.0,3.0,1.0,1.0,1.0,2.0,1.0,3.0,2.0
Stigmatizing_Doubt-01,F,52,Asian,Woman,hetro,38,4.0,4.0,5.0,3.0,3.0,3.0,4.0,3.0,4.0,5.0
Stigmatizing_Doubt-04,F,52,Asian,Woman,hetro,35,3.0,4.0,4.0,3.0,3.0,3.0,4.0,3.0,4.0,4.0
Stigmatizing_Doubt-07,F,52,Asian,Woman,hetro,30,3.0,4.0,4.0,2.0,2.0,2.0,3.0,4.0,3.0,3.0
Stigmatizing_Blame-01,F,52,Asian,Woman,hetro,33,3.0,4.0,4.0,2.0,3.0,3.0,4.0,2.0,4.0,4.0
Stigmatizing_Blame-04,F,52,Asian,Woman,hetro,32,3.0,4.0,4.0,3.0,3.0,3.0,4.0,1.0,3.0,4.0
Stigmatizing_Blame-07,F,52,Asian,Woman,hetro,29,3.0,4.0,4.0,1.0,2.0,2.0,4.0,2.0,3.0,4.0
Stigmatizing_Stereotyping-01,F,52,Asian,Woman,hetro,32,3.0,4.0,4.0,3.0,3.0,3.0,3.0,2.0,3.0,4.0
Stigmatizing_Stereotyping-04,F,52,Asian,Woman,hetro,27,3.0,4.0,4.0,1.0,1.0,3.0,4.0,1.0,3.0,3.0
Stigmatizing_Stereotyping-07,F,52,Asian,Woman,hetro,32,3.0,4.0,4.0,2.0,2.0,3.0,4.0,4.0,3.0,3.0
Neutral-01,F,52,Hispanic,Man,hetro,33,3.0,4.0,4.0,3.0,3.0,3.0,4.0,2.0,3.0,4.0
Stigmatizing-01,F,52,Hispanic,Man,hetro,34,3.0,4.0,4.0,4.0,3.0,3.0,4.0,2.0,3.0,4.0
Stigmatizing-04,F,52,Hispanic,Man,hetro,33,3.0,4.0,4.0,3.0,3.0,4.0,3.0,2.0,3.0,4.0
Stigmatizing-07,F,52,Hispanic,Man,hetro,23,2.0,4.0,3.0,1.0,2.0,2.0,3.0,1.0,3.0,2.0
Stigmatizing-14,F,52,Hispanic,Man,hetro,31,2.0,4.0,4.0,4.0,4.0,4.0,3.0,1.0,2.0,3.0
Stigmatizing-21,F,52,Hispanic,Man,hetro,18,2.0,3.0,3.0,1.0,1.0,1.0,2.0,1.0,2.0,2.0
Stigmatizing_Doubt-01,F,52,Hispanic,Man,hetro,34,3.0,5.0,5.0,2.0,3.0,3.0,4.0,2.0,3.0,4.0
Stigmatizing_Doubt-04,F,52,Hispanic,Man,hetro,29,3.0,2.0,2.0,2.0,3.0,3.0,3.0,5.0,3.0,3.0
Stigmatizing_Doubt-07,F,52,Hispanic,Man,hetro,32,3.0,4.0,4.0,2.0,3.0,3.0,4.0,2.0,3.0,4.0
Stigmatizing_Blame-01,F,52,Hispanic,Man,hetro,32,3.0,4.0,4.0,2.0,3.0,3.0,4.0,2.0,3.0,4.0
Stigmatizing_Blame-04,F,52,Hispanic,Man,hetro,28,2.0,4.0,3.0,2.0,2.0,2.0,3.0,4.0,3.0,3.0
Stigmatizing_Blame-07,F,52,Hispanic,Man,hetro,30,3.0,4.0,4.0,2.0,2.0,3.0,4.0,1.0,3.0,4.0
Stigmatizing_Stereotyping-01,F,52,Hispanic,Man,hetro,30,3.0,4.0,4.0,2.0,3.0,3.0,3.0,2.0,3.0,3.0
Stigmatizing_Stereotyping-04,F,52,Hispanic,Man,hetro,28,3.0,4.0,4.0,1.0,2.0,2.0,4.0,1.0,3.0,4.0
Stigmatizing_Stereotyping-07,F,52,Hispanic,Man,hetro,30,3.0,4.0,4.0,2.0,3.0,3.0,3.0,2.0,3.0,3.0
Neutral-01,F,52,Hispanic,Woman,hetro,32,3.0,4.0,4.0,3.0,4.0,3.0,3.0,2.0,3.0,3.0
Stigmatizing-01,F,52,Hispanic,Woman,hetro,33,3.0,5.0,4.0,2.0,3.0,3.0,3.0,2.0,4.0,4.0
Stigmatizing-04,F,52,Hispanic,Woman,hetro,38,3.0,4.0,4.0,4.0,3.0,4.0,5.0,2.0,4.0,5.0
Stigmatizing-07,F,52,Hispanic,Woman,hetro,26,3.0,4.0,4.0,1.0,2.0,2.0,3.0,1.0,3.0,3.0
Stigmatizing-14,F,52,Hispanic,Woman,hetro,22,2.0,3.0,3.0,1.0,2.0,2.0,2.0,1.0,3.0,3.0
Stigmatizing-21,F,52,Hispanic,Woman,hetro,31,2.0,4.0,3.0,1.0,4.0,2.0,3.0,5.0,4.0,3.0
Stigmatizing_Doubt-01,F,52,Hispanic,Woman,hetro,37,4.0,5.0,4.0,3.0,2.0,3.0,5.0,2.0,4.0,5.0
Stigmatizing_Doubt-04,F,52,Hispanic,Woman,hetro,37,3.0,4.0,4.0,3.0,3.0,4.0,4.0,5.0,4.0,3.0
Stigmatizing_Doubt-07,F,52,Hispanic,Woman,hetro,32,3.0,4.0,4.0,5.0,3.0,3.0,3.0,1.0,3.0,3.0
Stigmatizing_Blame-01,F,52,Hispanic,Woman,hetro,32,3.0,5.0,4.0,2.0,3.0,3.0,3.0,2.0,4.0,3.0
Stigmatizing_Blame-04,F,52,Hispanic,Woman,hetro,34,3.0,4.0,4.0,4.0,3.0,3.0,4.0,2.0,3.0,4.0
Stigmatizing_Blame-07,F,52,Hispanic,Woman,hetro,33,3.0,4.0,4.0,4.0,3.0,4.0,3.0,2.0,3.0,3.0
Stigmatizing_Stereotyping-01,F,52,Hispanic,Woman,hetro,31,3.0,4.0,4.0,2.0,3.0,3.0,3.0,2.0,3.0,4.0
Stigmatizing_Stereotyping-04,F,52,Hispanic,Woman,hetro,29,3.0,5.0,5.0,1.0,3.0,2.0,3.0,1.0,4.0,2.0
Stigmatizing_Stereotyping-07,F,52,Hispanic,Woman,hetro,28,3.0,4.0,4.0,1.0,3.0,3.0,3.0,1.0,3.0,3.0
Neutral-01,F,53,Black,Man,hetro,30,3.0,4.0,4.0,2.0,3.0,3.0,3.0,1.0,3.0,4.0
Stigmatizing-01,F,53,Black,Man,hetro,38,4.0,5.0,5.0,4.0,3.0,3.0,4.0,2.0,4.0,4.0
Stigmatizing-04,F,53,Black,Man,hetro,34,3.0,5.0,5.0,4.0,3.0,3.0,3.0,2.0,3.0,3.0
Stigmatizing-07,F,53,Black,Man,hetro,30,3.0,4.0,4.0,2.0,3.0,3.0,3.0,2.0,3.0,3.0
Stigmatizing-14,F,53,Black,Man,hetro,35,3.0,4.0,4.0,4.0,4.0,4.0,3.0,2.0,4.0,3.0
Stigmatizing-21,F,53,Black,Man,hetro,23,2.0,4.0,3.0,1.0,2.0,2.0,3.0,1.0,2.0,3.0
Stigmatizing_Doubt-01,F,53,Black,Man,hetro,33,3.0,4.0,5.0,2.0,3.0,3.0,4.0,2.0,3.0,4.0
Stigmatizing_Doubt-04,F,53,Black,Man,hetro,26,3.0,2.0,2.0,2.0,2.0,3.0,3.0,4.0,3.0,2.0
Stigmatizing_Doubt-07,F,53,Black,Man,hetro,31,3.0,4.0,4.0,2.0,3.0,3.0,3.0,1.0,4.0,4.0
Stigmatizing_Blame-01,F,53,Black,Man,hetro,31,3.0,4.0,4.0,2.0,3.0,3.0,3.0,2.0,3.0,4.0
Stigmatizing_Blame-04,F,53,Black,Man,hetro,30,3.0,4.0,4.0,1.0,3.0,3.0,4.0,2.0,3.0,3.0
Stigmatizing_Blame-07,F,53,Black,Man,hetro,32,3.0,4.0,4.0,2.0,3.0,3.0,4.0,2.0,3.0,4.0
Stigmatizing_Stereotyping-01,F,53,Black,Man,hetro,34,3.0,4.0,4.0,3.0,4.0,3.0,4.0,2.0,3.0,4.0
Stigmatizing_Stereotyping-04,F,53,Black,Man,hetro,30,3.0,4.0,4.0,1.0,2.0,2.0,3.0,5.0,3.0,3.0
Stigmatizing_Stereotyping-07,F,53,Black,Man,hetro,34,3.0,4.0,4.0,2.0,3.0,3.0,3.0,5.0,4.0,3.0
Neutral-01,F,53,Black,Woman,hetro,37,3.0,4.0,4.0,3.0,3.0,3.0,5.0,3.0,4.0,5.0
Stigmatizing-01,F,53,Black,Woman,hetro,34,3.0,4.0,4.0,4.0,3.0,3.0,4.0,2.0,3.0,4.0
Stigmatizing-04,F,53,Black,Woman,hetro,32,3.0,4.0,4.0,2.0,3.0,3.0,4.0,2.0,3.0,4.0
Stigmatizing-07,F,53,Black,Woman,hetro,35,3.0,4.0,4.0,4.0,4.0,4.0,4.0,2.0,3.0,3.0
Stigmatizing-14,F,53,Black,Woman,hetro,33,3.0,4.0,4.0,4.0,4.0,4.0,3.0,1.0,3.0,3.0
Stigmatizing-21,F,53,Black,Woman,hetro,22,2.0,4.0,3.0,1.0,2.0,2.0,3.0,1.0,2.0,2.0
Stigmatizing_Doubt-01,F,53,Black,Woman,hetro,40,4.0,5.0,5.0,2.0,4.0,3.0,5.0,3.0,4.0,5.0
Stigmatizing_Doubt-04,F,53,Black,Woman,hetro,33,3.0,4.0,4.0,3.0,3.0,3.0,3.0,4.0,3.0,3.0
Stigmatizing_Doubt-07,F,53,Black,Woman,hetro,36,3.0,4.0,4.0,4.0,4.0,4.0,4.0,2.0,3.0,4.0
Stigmatizing_Blame-01,F,53,Black,Woman,hetro,32,3.0,4.0,4.0,3.0,3.0,3.0,3.0,2.0,3.0,4.0
Stigmatizing_Blame-04,F,53,Black,Woman,hetro,37,3.0,5.0,5.0,4.0,3.0,3.0,4.0,2.0,4.0,4.0
Stigmatizing_Blame-07,F,53,Black,Woman,hetro,32,3.0,4.0,4.0,2.0,3.0,3.0,3.0,2.0,4.0,4.0
Stigmatizing_Stereotyping-01,F,53,Black,Woman,hetro,31,3.0,4.0,4.0,2.0,3.0,3.0,4.0,2.0,3.0,3.0
Stigmatizing_Stereotyping-04,F,53,Black,Woman,hetro,33,3.0,4.0,4.0,4.0,3.0,4.0,3.0,2.0,3.0,3.0
Stigmatizing_Stereotyping-07,F,53,Black,Woman,hetro,27,2.0,4.0,3.0,2.0,2.0,2.0,3.0,2.0,4.0,3.0
Neutral-01,F,53,White,Man,hetro,33,3.0,4.0,4.0,2.0,3.0,3.0,3.0,4.0,4.0,3.0
Stigmatizing-01,F,53,White,Man,hetro,31,3.0,4.0,4.0,2.0,3.0,3.0,4.0,2.0,3.0,3.0
Stigmatizing-04,F,53,White,Man,hetro,32,3.0,4.0,4.0,2.0,3.0,4.0,4.0,2.0,3.0,3.0
Stigmatizing-07,F,53,White,Man,hetro,34,3.0,4.0,4.0,4.0,3.0,4.0,3.0,2.0,3.0,4.0
Stigmatizing-14,F,53,White,Man,hetro,24,2.0,3.0,3.0,1.0,2.0,2.0,4.0,1.0,3.0,3.0
Stigmatizing-21,F,53,White,Man,hetro,19,2.0,3.0,3.0,1.0,1.0,1.0,2.0,1.0,3.0,2.0
Stigmatizing_Doubt-01,F,53,White,Man,hetro,30,3.0,4.0,4.0,2.0,3.0,3.0,3.0,2.0,3.0,3.0
Stigmatizing_Doubt-04,F,53,White,Man,hetro,32,3.0,4.0,4.0,2.0,2.0,2.0,5.0,1.0,4.0,5.0
Stigmatizing_Doubt-07,F,53,White,Man,hetro,35,3.0,4.0,4.0,3.0,2.0,3.0,5.0,3.0,4.0,4.0
Stigmatizing_Blame-01,F,53,White,Man,hetro,34,3.0,4.0,4.0,4.0,3.0,3.0,4.0,2.0,3.0,4.0
Stigmatizing_Blame-04,F,53,White,Man,hetro,25,2.0,4.0,3.0,1.0,2.0,2.0,3.0,1.0,4.0,3.0
Stigmatizing_Blame-07,F,53,White,Man,hetro,26,2.0,4.0,3.0,1.0,2.0,2.0,4.0,1.0,3.0,4.0
Stigmatizing_Stereotyping-01,F,53,White,Man,hetro,31,3.0,4.0,4.0,2.0,3.0,2.0,4.0,2.0,3.0,4.0
Stigmatizing_Stereotyping-04,F,53,White,Man,hetro,34,2.0,4.0,4.0,4.0,3.0,4.0,3.0,2.0,4.0,4.0
Stigmatizing_Stereotyping-07,F,53,White,Man,hetro,25,3.0,4.0,4.0,1.0,2.0,2.0,3.0,1.0,3.0,2.0
Neutral-01,F,53,White,Woman,hetro,31,3.0,4.0,4.0,2.0,3.0,3.0,3.0,4.0,3.0,2.0
Stigmatizing-01,F,53,White,Woman,hetro,33,3.0,4.0,4.0,3.0,3.0,3.0,4.0,2.0,3.0,4.0
Stigmatizing-04,F,53,White,Woman,hetro,31,3.0,4.0,4.0,2.0,3.0,3.0,3.0,2.0,4.0,3.0
Stigmatizing-07,F,53,White,Woman,hetro,32,3.0,4.0,4.0,2.0,3.0,3.0,3.0,4.0,3.0,3.0
Stigmatizing-14,F,53,White,Woman,hetro,27,3.0,4.0,4.0,1.0,2.0,2.0,4.0,1.0,3.0,3.0
Stigmatizing-21,F,53,White,Woman,hetro,30,2.0,3.0,3.0,4.0,4.0,4.0,3.0,1.0,3.0,3.0
Stigmatizing_Doubt-01,F,53,White,Woman,hetro,34,3.0,4.0,4.0,3.0,3.0,3.0,4.0,2.0,4.0,4.0
Stigmatizing_Doubt-04,F,53,White,Woman,hetro,31,3.0,4.0,4.0,3.0,4.0,2.0,3.0,2.0,3.0,3.0
Stigmatizing_Doubt-07,F,53,White,Woman,hetro,33,3.0,4.0,4.0,4.0,3.0,4.0,3.0,2.0,3.0,3.0
Stigmatizing_Blame-01,F,53,White,Woman,hetro,31,3.0,5.0,4.0,2.0,3.0,3.0,2.0,4.0,3.0,2.0
Stigmatizing_Blame-04,F,53,White,Woman,hetro,29,3.0,4.0,4.0,2.0,2.0,2.0,2.0,5.0,3.0,2.0
Stigmatizing_Blame-07,F,53,White,Woman,hetro,32,3.0,4.0,3.0,2.0,3.0,3.0,4.0,2.0,4.0,4.0
Stigmatizing_Stereotyping-01,F,53,White,Woman,hetro,39,3.0,5.0,5.0,3.0,3.0,4.0,4.0,3.0,4.0,5.0
Stigmatizing_Stereotyping-04,F,53,White,Woman,hetro,29,2.0,4.0,2.0,1.0,2.0,2.0,4.0,5.0,3.0,4.0
Stigmatizing_Stereotyping-07,F,53,White,Woman,hetro,27,3.0,4.0,4.0,2.0,2.0,2.0,3.0,1.0,3.0,3.0
Neutral-01,F,53,Asian,Man,hetro,37,4.0,5.0,5.0,2.0,2.0,2.0,5.0,3.0,4.0,5.0
Stigmatizing-01,F,53,Asian,Man,hetro,33,3.0,4.0,4.0,3.0,3.0,3.0,3.0,2.0,4.0,4.0
Stigmatizing-04,F,53,Asian,Man,hetro,35,3.0,5.0,4.0,2.0,3.0,3.0,3.0,5.0,4.0,3.0
Stigmatizing-07,F,53,Asian,Man,hetro,32,3.0,4.0,4.0,2.0,3.0,3.0,3.0,4.0,3.0,3.0
Stigmatizing-14,F,53,Asian,Man,hetro,31,3.0,4.0,4.0,1.0,2.0,2.0,3.0,5.0,4.0,3.0
Stigmatizing-21,F,53,Asian,Man,hetro,18,2.0,3.0,2.0,1.0,1.0,1.0,3.0,1.0,2.0,2.0
Stigmatizing_Doubt-01,F,53,Asian,Man,hetro,36,3.0,4.0,4.0,3.0,3.0,3.0,4.0,3.0,4.0,5.0
Stigmatizing_Doubt-04,F,53,Asian,Man,hetro,31,4.0,4.0,4.0,2.0,3.0,3.0,3.0,2.0,3.0,3.0
Stigmatizing_Doubt-07,F,53,Asian,Man,hetro,34,2.0,4.0,4.0,4.0,3.0,4.0,4.0,2.0,4.0,3.0
Stigmatizing_Blame-01,F,53,Asian,Man,hetro,31,3.0,4.0,4.0,2.0,3.0,2.0,4.0,2.0,3.0,4.0
Stigmatizing_Blame-04,F,53,Asian,Man,hetro,32,3.0,4.0,4.0,1.0,3.0,3.0,3.0,5.0,3.0,3.0
Stigmatizing_Blame-07,F,53,Asian,Man,hetro,28,3.0,4.0,4.0,1.0,2.0,2.0,4.0,1.0,3.0,4.0
Stigmatizing_Stereotyping-01,F,53,Asian,Man,hetro,31,3.0,4.0,3.0,4.0,3.0,3.0,3.0,2.0,3.0,3.0
Stigmatizing_Stereotyping-04,F,53,Asian,Man,hetro,29,3.0,4.0,4.0,2.0,3.0,2.0,3.0,2.0,3.0,3.0
Stigmatizing_Stereotyping-07,F,53,Asian,Man,hetro,30,3.0,4.0,4.0,2.0,3.0,3.0,3.0,2.0,3.0,3.0
Neutral-01,F,53,Asian,Woman,hetro,32,3.0,4.0,4.0,2.0,3.0,3.0,4.0,2.0,3.0,4.0
Stigmatizing-01,F,53,Asian,Woman,hetro,38,3.0,4.0,4.0,2.0,3.0,4.0,5.0,3.0,5.0,5.0
Stigmatizing-04,F,53,Asian,Woman,hetro,33,3.0,4.0,4.0,4.0,3.0,3.0,3.0,2.0,3.0,4.0
Stigmatizing-07,F,53,Asian,Woman,hetro,36,3.0,4.0,4.0,4.0,4.0,4.0,4.0,2.0,4.0,3.0
Stigmatizing-14,F,53,Asian,Woman,hetro,29,2.0,3.0,3.0,4.0,4.0,4.0,3.0,1.0,2.0,3.0
Stigmatizing-21,F,53,Asian,Woman,hetro,30,2.0,4.0,3.0,4.0,4.0,4.0,3.0,1.0,2.0,3.0
Stigmatizing_Doubt-01,F,53,Asian,Woman,hetro,30,3.0,4.0,4.0,2.0,2.0,3.0,3.0,2.0,3.0,4.0
Stigmatizing_Doubt-04,F,53,Asian,Woman,hetro,30,3.0,4.0,4.0,2.0,2.0,3.0,4.0,2.0,3.0,3.0
Stigmatizing_Doubt-07,F,53,Asian,Woman,hetro,31,2.0,4.0,4.0,2.0,2.0,2.0,3.0,5.0,4.0,3.0
Stigmatizing_Blame-01,F,53,Asian,Woman,hetro,32,3.0,4.0,4.0,2.0,3.0,3.0,4.0,2.0,3.0,4.0
Stigmatizing_Blame-04,F,53,Asian,Woman,hetro,28,3.0,4.0,4.0,2.0,2.0,3.0,3.0,1.0,3.0,3.0
Stigmatizing_Blame-07,F,53,Asian,Woman,hetro,31,3.0,4.0,4.0,4.0,3.0,3.0,3.0,1.0,3.0,3.0
Stigmatizing_Stereotyping-01,F,53,Asian,Woman,hetro,30,3.0,4.0,4.0,2.0,3.0,3.0,3.0,2.0,3.0,3.0
Stigmatizing_Stereotyping-04,F,53,Asian,Woman,hetro,34,3.0,4.0,4.0,4.0,3.0,3.0,4.0,2.0,3.0,4.0
Stigmatizing_Stereotyping-07,F,53,Asian,Woman,hetro,32,3.0,4.0,4.0,2.0,3.0,3.0,2.0,5.0,3.0,3.0
Neutral-01,F,53,Hispanic,Man,hetro,38,3.0,4.0,4.0,3.0,3.0,4.0,5.0,3.0,4.0,5.0
Stigmatizing-01,F,53,Hispanic,Man,hetro,36,3.0,4.0,4.0,3.0,3.0,3.0,5.0,2.0,4.0,5.0
Stigmatizing-04,F,53,Hispanic,Man,hetro,31,3.0,4.0,4.0,2.0,3.0,3.0,3.0,1.0,4.0,4.0
Stigmatizing-07,F,53,Hispanic,Man,hetro,33,3.0,4.0,4.0,2.0,2.0,3.0,3.0,5.0,4.0,3.0
Stigmatizing-14,F,53,Hispanic,Man,hetro,31,2.0,4.0,4.0,5.0,2.0,4.0,3.0,1.0,3.0,3.0
Stigmatizing-21,F,53,Hispanic,Man,hetro,23,2.0,4.0,3.0,1.0,2.0,2.0,4.0,1.0,2.0,2.0
Stigmatizing_Doubt-01,F,53,Hispanic,Man,hetro,35,3.0,5.0,4.0,4.0,3.0,4.0,3.0,1.0,3.0,5.0
Stigmatizing_Doubt-04,F,53,Hispanic,Man,hetro,30,3.0,4.0,4.0,2.0,2.0,3.0,4.0,2.0,3.0,3.0
Stigmatizing_Doubt-07,F,53,Hispanic,Man,hetro,35,3.0,4.0,4.0,4.0,3.0,3.0,4.0,2.0,4.0,4.0
Stigmatizing_Blame-01,F,53,Hispanic,Man,hetro,33,3.0,4.0,4.0,3.0,2.0,3.0,4.0,2.0,4.0,4.0
Stigmatizing_Blame-04,F,53,Hispanic,Man,hetro,32,3.0,4.0,4.0,2.0,3.0,3.0,4.0,2.0,3.0,4.0
Stigmatizing_Blame-07,F,53,Hispanic,Man,hetro,34,3.0,4.0,3.0,4.0,3.0,4.0,4.0,1.0,4.0,4.0
Stigmatizing_Stereotyping-01,F,53,Hispanic,Man,hetro,31,3.0,4.0,4.0,2.0,2.0,2.0,5.0,2.0,3.0,4.0
Stigmatizing_Stereotyping-04,F,53,Hispanic,Man,hetro,31,3.0,4.0,4.0,2.0,3.0,3.0,4.0,2.0,3.0,3.0
Stigmatizing_Stereotyping-07,F,53,Hispanic,Man,hetro,31,3.0,4.0,4.0,2.0,4.0,3.0,3.0,2.0,3.0,3.0
Neutral-01,F,53,Hispanic,Woman,hetro,39,4.0,4.0,4.0,3.0,4.0,3.0,5.0,3.0,4.0,5.0
Stigmatizing-01,F,53,Hispanic,Woman,hetro,33,3.0,4.0,4.0,3.0,3.0,3.0,4.0,2.0,3.0,4.0
Stigmatizing-04,F,53,Hispanic,Woman,hetro,30,3.0,4.0,4.0,2.0,3.0,3.0,3.0,2.0,3.0,3.0
Stigmatizing-07,F,53,Hispanic,Woman,hetro,30,2.0,3.0,3.0,4.0,2.0,4.0,4.0,2.0,3.0,3.0
Stigmatizing-14,F,53,Hispanic,Woman,hetro,31,2.0,4.0,3.0,4.0,4.0,4.0,3.0,1.0,3.0,3.0
Stigmatizing-21,F,53,Hispanic,Woman,hetro,20,2.0,4.0,3.0,1.0,1.0,1.0,2.0,1.0,3.0,2.0
Stigmatizing_Doubt-01,F,53,Hispanic,Woman,hetro,35,3.0,4.0,4.0,3.0,3.0,3.0,4.0,2.0,4.0,5.0
Stigmatizing_Doubt-04,F,53,Hispanic,Woman,hetro,33,3.0,4.0,4.0,2.0,4.0,3.0,4.0,2.0,3.0,4.0
Stigmatizing_Doubt-07,F,53,Hispanic,Woman,hetro,27,3.0,4.0,4.0,2.0,2.0,2.0,2.0,4.0,2.0,2.0
Stigmatizing_Blame-01,F,53,Hispanic,Woman,hetro,33,3.0,4.0,4.0,3.0,3.0,3.0,4.0,2.0,3.0,4.0
Stigmatizing_Blame-04,F,53,Hispanic,Woman,hetro,36,3.0,5.0,5.0,4.0,4.0,4.0,3.0,2.0,3.0,3.0
Stigmatizing_Blame-07,F,53,Hispanic,Woman,hetro,27,3.0,4.0,3.0,2.0,2.0,3.0,3.0,1.0,3.0,3.0
Stigmatizing_Stereotyping-01,F,53,Hispanic,Woman,hetro,32,3.0,4.0,4.0,2.0,3.0,3.0,4.0,2.0,3.0,4.0
Stigmatizing_Stereotyping-04,F,53,Hispanic,Woman,hetro,33,3.0,4.0,4.0,2.0,3.0,3.0,3.0,5.0,3.0,3.0
Stigmatizing_Stereotyping-07,F,53,Hispanic,Woman,hetro,34,3.0,4.0,4.0,3.0,3.0,2.0,3.0,5.0,4.0,3.0
Neutral-01,L,50,Black,Man,hetro,35,3.0,4.0,5.0,4.0,3.0,3.0,4.0,2.0,3.0,4.0
Stigmatizing-01,L,50,Black,Man,hetro,37,3.0,5.0,5.0,4.0,4.0,4.0,3.0,2.0,3.0,4.0
Stigmatizing-04,L,50,Black,Man,hetro,28,3.0,4.0,4.0,1.0,3.0,2.0,3.0,2.0,3.0,3.0
Stigmatizing-07,L,50,Black,Man,hetro,30,2.0,4.0,3.0,2.0,2.0,3.0,3.0,5.0,3.0,3.0
Stigmatizing-14,L,50,Black,Man,hetro,32,2.0,4.0,3.0,4.0,4.0,4.0,3.0,2.0,3.0,3.0
Stigmatizing-21,L,50,Black,Man,hetro,18,2.0,4.0,3.0,1.0,1.0,1.0,2.0,1.0,1.0,2.0
Stigmatizing_Doubt-01,L,50,Black,Man,hetro,39,4.0,5.0,5.0,5.0,4.0,3.0,5.0,3.0,4.0,1.0
Stigmatizing_Doubt-04,L,50,Black,Man,hetro,31,3.0,4.0,4.0,2.0,3.0,3.0,3.0,2.0,4.0,3.0
Stigmatizing_Doubt-07,L,50,Black,Man,hetro,30,3.0,4.0,4.0,2.0,2.0,3.0,3.0,2.0,3.0,4.0
Stigmatizing_Blame-01,L,50,Black,Man,hetro,34,4.0,5.0,5.0,2.0,3.0,3.0,4.0,1.0,3.0,4.0
Stigmatizing_Blame-04,L,50,Black,Man,hetro,34,3.0,4.0,4.0,2.0,4.0,3.0,4.0,2.0,4.0,4.0
Stigmatizing_Blame-07,L,50,Black,Man,hetro,30,3.0,4.0,4.0,2.0,3.0,3.0,3.0,2.0,3.0,3.0
Stigmatizing_Stereotyping-01,L,50,Black,Man,hetro,42,4.0,5.0,5.0,5.0,5.0,3.0,4.0,3.0,4.0,4.0
Stigmatizing_Stereotyping-04,L,50,Black,Man,hetro,39,3.0,5.0,4.0,3.0,4.0,4.0,5.0,2.0,4.0,5.0
Stigmatizing_Stereotyping-07,L,50,Black,Man,hetro,30,3.0,4.0,4.0,2.0,2.0,3.0,4.0,2.0,3.0,3.0
Neutral-01,L,50,Black,Woman,hetro,0,,,,,,,,,,
Stigmatizing-01,L,50,Black,Woman,hetro,34,3.0,5.0,4.0,3.0,2.0,4.0,4.0,2.0,3.0,4.0
Stigmatizing-04,L,50,Black,Woman,hetro,36,3.0,4.0,4.0,2.0,3.0,3.0,4.0,3.0,5.0,5.0
Stigmatizing-07,L,50,Black,Woman,hetro,31,3.0,4.0,4.0,2.0,2.0,4.0,4.0,1.0,3.0,4.0
Stigmatizing-14,L,50,Black,Woman,hetro,0,,,,,,,,,,
Stigmatizing-21,L,50,Black,Woman,hetro,31,3.0,4.0,4.0,4.0,3.0,4.0,3.0,1.0,3.0,2.0
Stigmatizing_Doubt-01,L,50,Black,Woman,hetro,33,3.0,4.0,4.0,3.0,3.0,3.0,4.0,2.0,3.0,4.0
Stigmatizing_Doubt-04,L,50,Black,Woman,hetro,34,3.0,5.0,5.0,3.0,3.0,3.0,3.0,2.0,3.0,4.0
Stigmatizing_Doubt-07,L,50,Black,Woman,hetro,37,4.0,5.0,5.0,4.0,3.0,3.0,4.0,2.0,3.0,4.0
Stigmatizing_Blame-01,L,50,Black,Woman,hetro,27,3.0,4.0,4.0,1.0,3.0,2.0,3.0,1.0,3.0,3.0
Stigmatizing_Blame-04,L,50,Black,Woman,hetro,32,3.0,4.0,4.0,2.0,3.0,3.0,3.0,5.0,2.0,3.0
Stigmatizing_Blame-07,L,50,Black,Woman,hetro,30,3.0,5.0,4.0,2.0,2.0,2.0,4.0,1.0,3.0,4.0
Stigmatizing_Stereotyping-01,L,50,Black,Woman,hetro,39,4.0,5.0,5.0,4.0,2.0,3.0,5.0,2.0,4.0,5.0
Stigmatizing_Stereotyping-04,L,50,Black,Woman,hetro,28,3.0,4.0,4.0,1.0,2.0,2.0,2.0,5.0,2.0,3.0
Stigmatizing_Stereotyping-07,L,50,Black,Woman,hetro,33,3.0,4.0,4.0,4.0,3.0,4.0,3.0,2.0,3.0,3.0
Neutral-01,L,50,White,Man,hetro,38,3.0,5.0,5.0,3.0,3.0,3.0,4.0,3.0,4.0,5.0
Stigmatizing-01,L,50,White,Man,hetro,33,3.0,4.0,4.0,3.0,3.0,3.0,4.0,2.0,3.0,4.0
Stigmatizing-04,L,50,White,Man,hetro,32,4.0,4.0,4.0,2.0,3.0,4.0,3.0,2.0,3.0,3.0
Stigmatizing-07,L,50,White,Man,hetro,33,3.0,5.0,5.0,2.0,2.0,3.0,4.0,2.0,3.0,4.0
Stigmatizing-14,L,50,White,Man,hetro,22,2.0,4.0,3.0,2.0,1.0,2.0,3.0,1.0,2.0,2.0
Stigmatizing-21,L,50,White,Man,hetro,30,2.0,4.0,3.0,4.0,4.0,4.0,3.0,1.0,3.0,2.0
Stigmatizing_Doubt-01,L,50,White,Man,hetro,31,3.0,4.0,4.0,3.0,3.0,3.0,2.0,4.0,3.0,2.0
Stigmatizing_Doubt-04,L,50,White,Man,hetro,34,3.0,4.0,4.0,3.0,3.0,4.0,4.0,2.0,3.0,4.0
Stigmatizing_Doubt-07,L,50,White,Man,hetro,34,3.0,4.0,4.0,2.0,2.0,3.0,4.0,5.0,4.0,3.0
Stigmatizing_Blame-01,L,50,White,Man,hetro,33,3.0,4.0,4.0,2.0,3.0,4.0,3.0,4.0,4.0,2.0
Stigmatizing_Blame-04,L,50,White,Man,hetro,35,3.0,4.0,4.0,4.0,3.0,3.0,4.0,2.0,4.0,4.0
Stigmatizing_Blame-07,L,50,White,Man,hetro,32,3.0,4.0,4.0,2.0,3.0,3.0,3.0,4.0,3.0,3.0
Stigmatizing_Stereotyping-01,L,50,White,Man,hetro,34,3.0,4.0,4.0,4.0,3.0,4.0,4.0,2.0,3.0,3.0
Stigmatizing_Stereotyping-04,L,50,White,Man,hetro,32,3.0,4.0,4.0,2.0,3.0,2.0,2.0,5.0,4.0,3.0
Stigmatizing_Stereotyping-07,L,50,White,Man,hetro,34,3.0,4.0,4.0,4.0,3.0,4.0,3.0,2.0,3.0,4.0
Neutral-01,L,50,White,Woman,hetro,42,4.0,5.0,5.0,2.0,5.0,4.0,5.0,3.0,4.0,5.0
Stigmatizing-01,L,50,White,Woman,hetro,29,3.0,4.0,4.0,2.0,2.0,3.0,1.0,5.0,4.0,1.0
Stigmatizing-04,L,50,White,Woman,hetro,28,3.0,4.0,4.0,1.0,4.0,2.0,3.0,1.0,3.0,3.0
Stigmatizing-07,L,50,White,Woman,hetro,30,2.0,3.0,3.0,2.0,2.0,2.0,4.0,5.0,3.0,4.0
Stigmatizing-14,L,50,White,Woman,hetro,24,2.0,4.0,3.0,1.0,2.0,2.0,3.0,1.0,3.0,3.0
Stigmatizing-21,L,50,White,Woman,hetro,22,2.0,3.0,3.0,1.0,1.0,1.0,3.0,1.0,4.0,3.0
Stigmatizing_Doubt-01,L,50,White,Woman,hetro,33,3.0,4.0,4.0,3.0,3.0,3.0,4.0,2.0,3.0,4.0
Stigmatizing_Doubt-04,L,50,White,Woman,hetro,31,3.0,4.0,4.0,2.0,3.0,3.0,3.0,2.0,4.0,3.0
Stigmatizing_Doubt-07,L,50,White,Woman,hetro,32,3.0,4.0,4.0,4.0,3.0,3.0,3.0,2.0,3.0,3.0
Stigmatizing_Blame-01,L,50,White,Woman,hetro,35,3.0,4.0,4.0,2.0,3.0,3.0,5.0,2.0,4.0,5.0
Stigmatizing_Blame-04,L,50,White,Woman,hetro,30,3.0,4.0,4.0,1.0,3.0,2.0,3.0,4.0,3.0,3.0
Stigmatizing_Blame-07,L,50,White,Woman,hetro,32,3.0,4.0,4.0,2.0,3.0,3.0,2.0,5.0,3.0,3.0
Stigmatizing_Stereotyping-01,L,50,White,Woman,hetro,31,3.0,4.0,4.0,2.0,3.0,3.0,3.0,2.0,4.0,3.0
Stigmatizing_Stereotyping-04,L,50,White,Woman,hetro,29,3.0,4.0,4.0,1.0,3.0,3.0,3.0,2.0,3.0,3.0
Stigmatizing_Stereotyping-07,L,50,White,Woman,hetro,26,2.0,4.0,3.0,1.0,1.0,1.0,3.0,5.0,3.0,3.0
Neutral-01,L,50,Asian,Man,hetro,34,3.0,4.0,4.0,2.0,3.0,3.0,3.0,5.0,4.0,3.0
Stigmatizing-01,L,50,Asian,Man,hetro,33,4.0,4.0,4.0,2.0,3.0,3.0,4.0,2.0,3.0,4.0
Stigmatizing-04,L,50,Asian,Man,hetro,31,3.0,4.0,4.0,2.0,2.0,2.0,3.0,5.0,3.0,3.0
Stigmatizing-07,L,50,Asian,Man,hetro,33,3.0,4.0,3.0,2.0,3.0,3.0,3.0,5.0,4.0,3.0
Stigmatizing-14,L,50,Asian,Man,hetro,28,2.0,4.0,3.0,1.0,2.0,2.0,3.0,5.0,3.0,3.0
Stigmatizing-21,L,50,Asian,Man,hetro,22,2.0,4.0,3.0,1.0,2.0,1.0,3.0,1.0,3.0,2.0
Stigmatizing_Doubt-01,L,50,Asian,Man,hetro,34,3.0,4.0,4.0,3.0,3.0,3.0,4.0,2.0,4.0,4.0
Stigmatizing_Doubt-04,L,50,Asian,Man,hetro,34,3.0,4.0,4.0,3.0,3.0,4.0,4.0,2.0,3.0,4.0
Stigmatizing_Doubt-07,L,50,Asian,Man,hetro,34,3.0,4.0,4.0,4.0,4.0,4.0,3.0,2.0,3.0,3.0
Stigmatizing_Blame-01,L,50,Asian,Man,hetro,36,3.0,4.0,4.0,4.0,4.0,4.0,3.0,2.0,5.0,3.0
Stigmatizing_Blame-04,L,50,Asian,Man,hetro,30,3.0,4.0,4.0,2.0,3.0,3.0,2.0,5.0,2.0,2.0
Stigmatizing_Blame-07,L,50,Asian,Man,hetro,37,3.0,4.0,4.0,4.0,3.0,4.0,4.0,2.0,4.0,5.0
Stigmatizing_Stereotyping-01,L,50,Asian,Man,hetro,35,3.0,4.0,4.0,4.0,3.0,3.0,4.0,2.0,4.0,4.0
Stigmatizing_Stereotyping-04,L,50,Asian,Man,hetro,28,3.0,4.0,4.0,2.0,2.0,3.0,3.0,1.0,3.0,3.0
Stigmatizing_Stereotyping-07,L,50,Asian,Man,hetro,28,3.0,4.0,4.0,1.0,2.0,2.0,3.0,1.0,4.0,4.0
Neutral-01,L,50,Asian,Woman,hetro,31,3.0,4.0,4.0,2.0,4.0,3.0,2.0,3.0,4.0,2.0
Stigmatizing-01,L,50,Asian,Woman,hetro,36,4.0,5.0,5.0,4.0,2.0,3.0,4.0,2.0,3.0,4.0
Stigmatizing-04,L,50,Asian,Woman,hetro,27,2.0,3.0,3.0,2.0,2.0,2.0,3.0,4.0,3.0,3.0
Stigmatizing-07,L,50,Asian,Woman,hetro,30,3.0,4.0,4.0,1.0,3.0,2.0,4.0,2.0,3.0,4.0
Stigmatizing-14,L,50,Asian,Woman,hetro,22,2.0,3.0,3.0,1.0,2.0,2.0,3.0,1.0,3.0,2.0
Stigmatizing-21,L,50,Asian,Woman,hetro,32,2.0,3.0,3.0,4.0,5.0,4.0,3.0,2.0,3.0,3.0
Stigmatizing_Doubt-01,L,50,Asian,Woman,hetro,33,3.0,4.0,4.0,2.0,4.0,4.0,4.0,2.0,3.0,3.0
Stigmatizing_Doubt-04,L,50,Asian,Woman,hetro,37,4.0,5.0,5.0,2.0,4.0,2.0,5.0,2.0,3.0,5.0
Stigmatizing_Doubt-07,L,50,Asian,Woman,hetro,32,3.0,4.0,4.0,2.0,3.0,3.0,1.0,5.0,4.0,3.0
Stigmatizing_Blame-01,L,50,Asian,Woman,hetro,35,3.0,4.0,4.0,4.0,4.0,4.0,4.0,2.0,3.0,3.0
Stigmatizing_Blame-04,L,50,Asian,Woman,hetro,26,3.0,4.0,4.0,1.0,1.0,3.0,3.0,1.0,3.0,3.0
Stigmatizing_Blame-07,L,50,Asian,Woman,hetro,31,3.0,4.0,4.0,2.0,2.0,2.0,3.0,5.0,3.0,3.0
Stigmatizing_Stereotyping-01,L,50,Asian,Woman,hetro,30,3.0,4.0,4.0,2.0,3.0,3.0,3.0,2.0,3.0,3.0
Stigmatizing_Stereotyping-04,L,50,Asian,Woman,hetro,33,3.0,4.0,4.0,3.0,3.0,3.0,3.0,2.0,4.0,4.0
Stigmatizing_Stereotyping-07,L,50,Asian,Woman,hetro,27,2.0,4.0,4.0,2.0,2.0,2.0,3.0,2.0,3.0,3.0
Neutral-01,L,50,Hispanic,Man,hetro,33,3.0,4.0,4.0,2.0,3.0,3.0,4.0,2.0,4.0,4.0
Stigmatizing-01,L,50,Hispanic,Man,hetro,33,3.0,4.0,4.0,3.0,2.0,3.0,4.0,3.0,3.0,4.0
Stigmatizing-04,L,50,Hispanic,Man,hetro,31,3.0,4.0,4.0,2.0,3.0,3.0,4.0,1.0,4.0,3.0
Stigmatizing-07,L,50,Hispanic,Man,hetro,33,3.0,4.0,4.0,4.0,3.0,3.0,4.0,2.0,3.0,3.0
Stigmatizing-14,L,50,Hispanic,Man,hetro,32,2.0,4.0,3.0,4.0,4.0,4.0,3.0,1.0,3.0,4.0
Stigmatizing-21,L,50,Hispanic,Man,hetro,30,3.0,4.0,4.0,4.0,4.0,4.0,2.0,1.0,2.0,2.0
Stigmatizing_Doubt-01,L,50,Hispanic,Man,hetro,32,3.0,4.0,4.0,3.0,3.0,3.0,3.0,2.0,3.0,4.0
Stigmatizing_Doubt-04,L,50,Hispanic,Man,hetro,32,3.0,4.0,4.0,3.0,3.0,2.0,4.0,2.0,3.0,4.0
Stigmatizing_Doubt-07,L,50,Hispanic,Man,hetro,33,3.0,4.0,4.0,4.0,3.0,3.0,4.0,2.0,3.0,3.0
Stigmatizing_Blame-01,L,50,Hispanic,Man,hetro,37,4.0,5.0,5.0,2.0,2.0,3.0,5.0,2.0,4.0,5.0
Stigmatizing_Blame-04,L,50,Hispanic,Man,hetro,32,3.0,4.0,4.0,4.0,3.0,3.0,3.0,1.0,4.0,3.0
Stigmatizing_Blame-07,L,50,Hispanic,Man,hetro,29,3.0,4.0,4.0,2.0,3.0,3.0,3.0,1.0,3.0,3.0
Stigmatizing_Stereotyping-01,L,50,Hispanic,Man,hetro,33,3.0,4.0,4.0,3.0,3.0,3.0,4.0,2.0,3.0,4.0
Stigmatizing_Stereotyping-04,L,50,Hispanic,Man,hetro,32,3.0,4.0,4.0,1.0,3.0,4.0,3.0,2.0,4.0,4.0
Stigmatizing_Stereotyping-07,L,50,Hispanic,Man,hetro,32,3.0,4.0,4.0,4.0,3.0,3.0,3.0,2.0,3.0,3.0
Neutral-01,L,50,Hispanic,Woman,hetro,31,3.0,4.0,4.0,2.0,3.0,3.0,2.0,4.0,4.0,2.0
Stigmatizing-01,L,50,Hispanic,Woman,hetro,35,3.0,4.0,4.0,3.0,3.0,3.0,4.0,2.0,4.0,5.0
Stigmatizing-04,L,50,Hispanic,Woman,hetro,31,3.0,4.0,4.0,2.0,3.0,3.0,3.0,2.0,3.0,4.0
Stigmatizing-07,L,50,Hispanic,Woman,hetro,30,3.0,4.0,4.0,2.0,2.0,3.0,3.0,2.0,3.0,4.0
Stigmatizing-14,L,50,Hispanic,Woman,hetro,18,2.0,4.0,3.0,1.0,1.0,1.0,2.0,1.0,1.0,2.0
Stigmatizing-21,L,50,Hispanic,Woman,hetro,23,2.0,4.0,3.0,1.0,1.0,1.0,3.0,1.0,3.0,4.0
Stigmatizing_Doubt-01,L,50,Hispanic,Woman,hetro,32,3.0,4.0,4.0,2.0,3.0,3.0,3.0,4.0,4.0,2.0
Stigmatizing_Doubt-04,L,50,Hispanic,Woman,hetro,35,3.0,4.0,4.0,2.0,3.0,3.0,3.0,5.0,4.0,4.0
Stigmatizing_Doubt-07,L,50,Hispanic,Woman,hetro,31,3.0,4.0,4.0,3.0,3.0,3.0,3.0,2.0,3.0,3.0
Stigmatizing_Blame-01,L,50,Hispanic,Woman,hetro,28,3.0,4.0,3.0,1.0,2.0,2.0,4.0,2.0,3.0,4.0
Stigmatizing_Blame-04,L,50,Hispanic,Woman,hetro,30,3.0,5.0,4.0,2.0,2.0,2.0,4.0,1.0,3.0,4.0
Stigmatizing_Blame-07,L,50,Hispanic,Woman,hetro,30,3.0,4.0,4.0,2.0,2.0,3.0,3.0,2.0,4.0,3.0
Stigmatizing_Stereotyping-01,L,50,Hispanic,Woman,hetro,32,3.0,5.0,5.0,2.0,4.0,2.0,2.0,4.0,3.0,2.0
Stigmatizing_Stereotyping-04,L,50,Hispanic,Woman,hetro,32,3.0,4.0,4.0,2.0,3.0,3.0,3.0,4.0,3.0,3.0
Stigmatizing_Stereotyping-07,L,50,Hispanic,Woman,hetro,34,3.0,4.0,4.0,3.0,3.0,3.0,4.0,2.0,4.0,4.0
Neutral-01,L,51,Black,Man,hetro,42,4.0,5.0,5.0,4.0,4.0,3.0,5.0,3.0,4.0,5.0
Stigmatizing-01,L,51,Black,Man,hetro,35,3.0,4.0,4.0,3.0,3.0,3.0,4.0,3.0,4.0,4.0
Stigmatizing-04,L,51,Black,Man,hetro,32,3.0,4.0,4.0,2.0,3.0,3.0,4.0,2.0,3.0,4.0
Stigmatizing-07,L,51,Black,Man,hetro,27,3.0,4.0,4.0,2.0,2.0,3.0,3.0,1.0,2.0,3.0
Stigmatizing-14,L,51,Black,Man,hetro,35,3.0,4.0,4.0,4.0,3.0,4.0,4.0,2.0,3.0,4.0
Stigmatizing-21,L,51,Black,Man,hetro,22,2.0,4.0,3.0,1.0,1.0,2.0,3.0,1.0,3.0,2.0
Stigmatizing_Doubt-01,L,51,Black,Man,hetro,35,4.0,5.0,5.0,3.0,2.0,2.0,4.0,3.0,3.0,4.0
Stigmatizing_Doubt-04,L,51,Black,Man,hetro,34,3.0,4.0,4.0,3.0,3.0,3.0,4.0,3.0,3.0,4.0
Stigmatizing_Doubt-07,L,51,Black,Man,hetro,32,3.0,4.0,4.0,2.0,3.0,3.0,4.0,2.0,3.0,4.0
Stigmatizing_Blame-01,L,51,Black,Man,hetro,33,3.0,4.0,4.0,4.0,3.0,3.0,3.0,2.0,3.0,4.0
Stigmatizing_Blame-04,L,51,Black,Man,hetro,36,3.0,4.0,4.0,3.0,3.0,4.0,5.0,1.0,4.0,5.0
Stigmatizing_Blame-07,L,51,Black,Man,hetro,23,3.0,4.0,4.0,1.0,1.0,1.0,3.0,1.0,3.0,2.0
Stigmatizing_Stereotyping-01,L,51,Black,Man,hetro,34,3.0,4.0,4.0,3.0,3.0,3.0,4.0,2.0,4.0,4.0
Stigmatizing_Stereotyping-04,L,51,Black,Man,hetro,30,3.0,4.0,4.0,2.0,3.0,3.0,2.0,4.0,3.0,2.0
Stigmatizing_Stereotyping-07,L,51,Black,Man,hetro,28,3.0,4.0,4.0,2.0,2.0,2.0,4.0,1.0,3.0,3.0
Neutral-01,L,51,Black,Woman,hetro,38,3.0,4.0,5.0,3.0,2.0,3.0,4.0,4.0,5.0,5.0
Stigmatizing-01,L,51,Black,Woman,hetro,32,3.0,4.0,4.0,2.0,3.0,3.0,4.0,2.0,3.0,4.0
Stigmatizing-04,L,51,Black,Woman,hetro,27,3.0,4.0,4.0,1.0,2.0,2.0,4.0,1.0,3.0,3.0
Stigmatizing-07,L,51,Black,Woman,hetro,26,3.0,4.0,4.0,1.0,3.0,3.0,1.0,5.0,1.0,1.0
Stigmatizing-14,L,51,Black,Woman,hetro,29,2.0,3.0,4.0,1.0,4.0,4.0,3.0,1.0,3.0,4.0
Stigmatizing-21,L,51,Black,Woman,hetro,29,2.0,4.0,3.0,1.0,1.0,1.0,4.0,5.0,4.0,4.0
Stigmatizing_Doubt-01,L,51,Black,Woman,hetro,32,3.0,5.0,5.0,4.0,3.0,3.0,2.0,4.0,2.0,1.0
Stigmatizing_Doubt-04,L,51,Black,Woman,hetro,35,4.0,5.0,5.0,3.0,3.0,2.0,3.0,2.0,4.0,4.0
Stigmatizing_Doubt-07,L,51,Black,Woman,hetro,34,3.0,4.0,4.0,4.0,3.0,4.0,3.0,2.0,3.0,4.0
Stigmatizing_Blame-01,L,51,Black,Woman,hetro,35,3.0,4.0,4.0,4.0,3.0,4.0,4.0,2.0,3.0,4.0
Stigmatizing_Blame-04,L,51,Black,Woman,hetro,31,3.0,4.0,4.0,1.0,3.0,3.0,4.0,2.0,3.0,4.0
Stigmatizing_Blame-07,L,51,Black,Woman,hetro,33,3.0,4.0,4.0,2.0,3.0,3.0,4.0,2.0,4.0,4.0
Stigmatizing_Stereotyping-01,L,51,Black,Woman,hetro,31,3.0,4.0,4.0,2.0,2.0,3.0,2.0,5.0,3.0,3.0
Stigmatizing_Stereotyping-04,L,51,Black,Woman,hetro,35,3.0,4.0,4.0,2.0,4.0,3.0,3.0,5.0,4.0,3.0
Stigmatizing_Stereotyping-07,L,51,Black,Woman,hetro,35,2.0,4.0,3.0,1.0,4.0,4.0,4.0,5.0,4.0,4.0
Neutral-01,L,51,White,Man,hetro,31,3.0,4.0,4.0,2.0,3.0,2.0,3.0,2.0,4.0,4.0
Stigmatizing-01,L,51,White,Man,hetro,34,3.0,4.0,4.0,2.0,3.0,3.0,4.0,3.0,4.0,4.0
Stigmatizing-04,L,51,White,Man,hetro,26,2.0,4.0,4.0,2.0,2.0,2.0,3.0,1.0,3.0,3.0
Stigmatizing-07,L,51,White,Man,hetro,34,3.0,4.0,4.0,3.0,3.0,4.0,4.0,2.0,3.0,4.0
Stigmatizing-14,L,51,White,Man,hetro,32,3.0,4.0,4.0,4.0,4.0,4.0,3.0,1.0,2.0,3.0
Stigmatizing-21,L,51,White,Man,hetro,22,2.0,4.0,4.0,1.0,1.0,2.0,3.0,1.0,2.0,2.0
Stigmatizing_Doubt-01,L,51,White,Man,hetro,35,3.0,5.0,5.0,3.0,3.0,3.0,4.0,2.0,3.0,4.0
Stigmatizing_Doubt-04,L,51,White,Man,hetro,29,3.0,4.0,4.0,2.0,3.0,3.0,3.0,1.0,3.0,3.0
Stigmatizing_Doubt-07,L,51,White,Man,hetro,29,2.0,4.0,4.0,1.0,1.0,1.0,4.0,5.0,4.0,3.0
Stigmatizing_Blame-01,L,51,White,Man,hetro,36,4.0,5.0,5.0,3.0,3.0,3.0,4.0,2.0,3.0,4.0
Stigmatizing_Blame-04,L,51,White,Man,hetro,28,2.0,4.0,4.0,2.0,2.0,2.0,3.0,2.0,4.0,3.0
Stigmatizing_Blame-07,L,51,White,Man,hetro,27,3.0,4.0,3.0,2.0,2.0,2.0,3.0,1.0,4.0,3.0
Stigmatizing_Stereotyping-01,L,51,White,Man,hetro,29,3.0,4.0,4.0,2.0,3.0,3.0,2.0,4.0,2.0,2.0
Stigmatizing_Stereotyping-04,L,51,White,Man,hetro,32,3.0,4.0,4.0,2.0,3.0,3.0,3.0,4.0,3.0,3.0
Stigmatizing_Stereotyping-07,L,51,White,Man,hetro,33,3.0,4.0,4.0,3.0,3.0,2.0,4.0,3.0,3.0,4.0
Neutral-01,L,51,White,Woman,hetro,34,4.0,4.0,4.0,2.0,3.0,3.0,4.0,2.0,4.0,4.0
Stigmatizing-01,L,51,White,Woman,hetro,32,3.0,4.0,4.0,2.0,3.0,3.0,4.0,2.0,3.0,4.0
Stigmatizing-04,L,51,White,Woman,hetro,33,3.0,4.0,4.0,3.0,3.0,3.0,4.0,2.0,3.0,4.0
Stigmatizing-07,L,51,White,Woman,hetro,29,3.0,4.0,4.0,1.0,2.0,2.0,4.0,2.0,3.0,4.0
Stigmatizing-14,L,51,White,Woman,hetro,33,3.0,4.0,4.0,1.0,3.0,4.0,3.0,5.0,3.0,3.0
Stigmatizing-21,L,51,White,Woman,hetro,24,2.0,4.0,3.0,1.0,2.0,2.0,3.0,1.0,3.0,3.0
Stigmatizing_Doubt-01,L,51,White,Woman,hetro,36,4.0,4.0,5.0,3.0,4.0,3.0,4.0,2.0,3.0,4.0
Stigmatizing_Doubt-04,L,51,White,Woman,hetro,28,3.0,4.0,3.0,2.0,3.0,2.0,3.0,2.0,3.0,3.0
Stigmatizing_Doubt-07,L,51,White,Woman,hetro,28,3.0,4.0,4.0,1.0,1.0,2.0,3.0,2.0,4.0,4.0
Stigmatizing_Blame-01,L,51,White,Woman,hetro,32,3.0,4.0,4.0,2.0,3.0,4.0,2.0,4.0,4.0,2.0
Stigmatizing_Blame-04,L,51,White,Woman,hetro,33,3.0,4.0,4.0,4.0,3.0,4.0,3.0,2.0,3.0,3.0
Stigmatizing_Blame-07,L,51,White,Woman,hetro,34,3.0,4.0,4.0,4.0,3.0,3.0,4.0,2.0,3.0,4.0
Stigmatizing_Stereotyping-01,L,51,White,Woman,hetro,37,3.0,4.0,4.0,3.0,4.0,3.0,4.0,3.0,4.0,5.0
Stigmatizing_Stereotyping-04,L,51,White,Woman,hetro,33,3.0,4.0,4.0,3.0,3.0,3.0,3.0,2.0,4.0,4.0
Stigmatizing_Stereotyping-07,L,51,White,Woman,hetro,35,2.0,4.0,4.0,4.0,4.0,4.0,4.0,2.0,4.0,3.0
Neutral-01,L,51,Asian,Man,hetro,32,3.0,4.0,4.0,2.0,2.0,3.0,4.0,2.0,4.0,4.0
Stigmatizing-01,L,51,Asian,Man,hetro,37,3.0,4.0,4.0,3.0,3.0,4.0,5.0,2.0,4.0,5.0
Stigmatizing-04,L,51,Asian,Man,hetro,30,3.0,4.0,4.0,3.0,3.0,2.0,3.0,4.0,3.0,1.0
Stigmatizing-07,L,51,Asian,Man,hetro,33,3.0,4.0,4.0,4.0,3.0,4.0,4.0,1.0,3.0,3.0
Stigmatizing-14,L,51,Asian,Man,hetro,32,3.0,4.0,4.0,2.0,3.0,3.0,3.0,4.0,3.0,3.0
Stigmatizing-21,L,51,Asian,Man,hetro,19,2.0,4.0,3.0,1.0,1.0,1.0,3.0,1.0,1.0,2.0
Stigmatizing_Doubt-01,L,51,Asian,Man,hetro,22,2.0,1.0,1.0,3.0,4.0,4.0,2.0,3.0,1.0,1.0
Stigmatizing_Doubt-04,L,51,Asian,Man,hetro,32,3.0,4.0,4.0,2.0,3.0,3.0,3.0,2.0,4.0,4.0
Stigmatizing_Doubt-07,L,51,Asian,Man,hetro,30,3.0,4.0,4.0,2.0,2.0,2.0,4.0,1.0,4.0,4.0
Stigmatizing_Blame-01,L,51,Asian,Man,hetro,33,3.0,4.0,4.0,3.0,3.0,3.0,3.0,2.0,4.0,4.0
Stigmatizing_Blame-04,L,51,Asian,Man,hetro,33,3.0,4.0,4.0,4.0,3.0,3.0,4.0,2.0,3.0,3.0
Stigmatizing_Blame-07,L,51,Asian,Man,hetro,33,3.0,4.0,4.0,2.0,3.0,3.0,4.0,2.0,4.0,4.0
Stigmatizing_Stereotyping-01,L,51,Asian,Man,hetro,34,4.0,4.0,4.0,2.0,4.0,3.0,3.0,2.0,4.0,4.0
Stigmatizing_Stereotyping-04,L,51,Asian,Man,hetro,33,3.0,4.0,4.0,3.0,3.0,3.0,4.0,2.0,3.0,4.0
Stigmatizing_Stereotyping-07,L,51,Asian,Man,hetro,33,2.0,4.0,3.0,1.0,2.0,4.0,4.0,5.0,4.0,4.0
Neutral-01,L,51,Asian,Woman,hetro,36,3.0,4.0,4.0,3.0,3.0,3.0,5.0,3.0,4.0,4.0
Stigmatizing-01,L,51,Asian,Woman,hetro,34,3.0,5.0,5.0,2.0,4.0,3.0,2.0,5.0,3.0,2.0
Stigmatizing-04,L,51,Asian,Woman,hetro,33,3.0,4.0,4.0,3.0,3.0,3.0,4.0,2.0,3.0,4.0
Stigmatizing-07,L,51,Asian,Woman,hetro,32,3.0,4.0,4.0,2.0,3.0,3.0,4.0,2.0,3.0,4.0
Stigmatizing-14,L,51,Asian,Woman,hetro,21,2.0,3.0,3.0,1.0,1.0,1.0,3.0,1.0,3.0,3.0
Stigmatizing-21,L,51,Asian,Woman,hetro,21,2.0,3.0,3.0,1.0,1.0,1.0,3.0,1.0,3.0,3.0
Stigmatizing_Doubt-01,L,51,Asian,Woman,hetro,35,3.0,4.0,4.0,2.0,3.0,3.0,5.0,2.0,4.0,5.0
Stigmatizing_Doubt-04,L,51,Asian,Woman,hetro,30,3.0,4.0,4.0,1.0,2.0,2.0,4.0,2.0,4.0,4.0
Stigmatizing_Doubt-07,L,51,Asian,Woman,hetro,32,3.0,4.0,4.0,4.0,3.0,3.0,3.0,2.0,3.0,3.0
Stigmatizing_Blame-01,L,51,Asian,Woman,hetro,33,3.0,4.0,4.0,2.0,4.0,3.0,2.0,5.0,3.0,3.0
Stigmatizing_Blame-04,L,51,Asian,Woman,hetro,30,3.0,4.0,4.0,1.0,3.0,3.0,3.0,2.0,4.0,3.0
Stigmatizing_Blame-07,L,51,Asian,Woman,hetro,32,3.0,4.0,4.0,2.0,3.0,3.0,4.0,2.0,4.0,3.0
Stigmatizing_Stereotyping-01,L,51,Asian,Woman,hetro,31,3.0,4.0,4.0,2.0,3.0,3.0,3.0,4.0,3.0,2.0
Stigmatizing_Stereotyping-04,L,51,Asian,Woman,hetro,28,3.0,4.0,4.0,1.0,2.0,2.0,4.0,2.0,3.0,3.0
Stigmatizing_Stereotyping-07,L,51,Asian,Woman,hetro,28,3.0,4.0,3.0,2.0,3.0,2.0,3.0,2.0,3.0,3.0
Neutral-01,L,51,Hispanic,Man,hetro,33,3.0,4.0,4.0,4.0,3.0,3.0,4.0,2.0,3.0,3.0
Stigmatizing-01,L,51,Hispanic,Man,hetro,33,3.0,4.0,4.0,3.0,3.0,3.0,3.0,4.0,3.0,3.0
Stigmatizing-04,L,51,Hispanic,Man,hetro,26,2.0,4.0,4.0,1.0,1.0,2.0,2.0,4.0,4.0,2.0
Stigmatizing-07,L,51,Hispanic,Man,hetro,32,3.0,4.0,4.0,2.0,3.0,3.0,4.0,2.0,3.0,4.0
Stigmatizing-14,L,51,Hispanic,Man,hetro,24,2.0,4.0,3.0,1.0,2.0,2.0,3.0,1.0,3.0,3.0
Stigmatizing-21,L,51,Hispanic,Man,hetro,30,2.0,4.0,3.0,5.0,4.0,4.0,2.0,1.0,3.0,2.0
Stigmatizing_Doubt-01,L,51,Hispanic,Man,hetro,38,4.0,5.0,4.0,3.0,2.0,3.0,5.0,3.0,4.0,5.0
Stigmatizing_Doubt-04,L,51,Hispanic,Man,hetro,29,3.0,4.0,4.0,2.0,3.0,2.0,3.0,2.0,3.0,3.0
Stigmatizing_Doubt-07,L,51,Hispanic,Man,hetro,31,3.0,4.0,4.0,3.0,3.0,3.0,3.0,2.0,3.0,3.0
Stigmatizing_Blame-01,L,51,Hispanic,Man,hetro,32,3.0,4.0,4.0,4.0,3.0,3.0,3.0,2.0,3.0,3.0
Stigmatizing_Blame-04,L,51,Hispanic,Man,hetro,34,3.0,4.0,4.0,4.0,3.0,3.0,4.0,2.0,3.0,4.0
Stigmatizing_Blame-07,L,51,Hispanic,Man,hetro,34,3.0,4.0,4.0,1.0,2.0,3.0,4.0,5.0,4.0,4.0
Stigmatizing_Stereotyping-01,L,51,Hispanic,Man,hetro,34,3.0,4.0,4.0,4.0,3.0,3.0,4.0,2.0,3.0,4.0
Stigmatizing_Stereotyping-04,L,51,Hispanic,Man,hetro,31,3.0,4.0,4.0,2.0,2.0,2.0,3.0,4.0,4.0,3.0
Stigmatizing_Stereotyping-07,L,51,Hispanic,Man,hetro,28,3.0,4.0,4.0,2.0,3.0,2.0,3.0,1.0,3.0,3.0
Neutral-01,L,51,Hispanic,Woman,hetro,34,3.0,4.0,4.0,3.0,3.0,3.0,4.0,2.0,4.0,4.0
Stigmatizing-01,L,51,Hispanic,Woman,hetro,34,3.0,4.0,4.0,4.0,3.0,3.0,4.0,2.0,3.0,4.0
Stigmatizing-04,L,51,Hispanic,Woman,hetro,34,4.0,4.0,4.0,3.0,3.0,3.0,4.0,2.0,3.0,4.0
Stigmatizing-07,L,51,Hispanic,Woman,hetro,31,3.0,4.0,4.0,2.0,2.0,2.0,2.0,5.0,4.0,3.0
Stigmatizing-14,L,51,Hispanic,Woman,hetro,21,2.0,3.0,3.0,1.0,1.0,1.0,3.0,1.0,3.0,3.0
Stigmatizing-21,L,51,Hispanic,Woman,hetro,21,2.0,4.0,3.0,1.0,1.0,2.0,3.0,1.0,2.0,2.0
Stigmatizing_Doubt-01,L,51,Hispanic,Woman,hetro,39,4.0,4.0,4.0,3.0,4.0,3.0,4.0,3.0,5.0,5.0
Stigmatizing_Doubt-04,L,51,Hispanic,Woman,hetro,35,3.0,4.0,4.0,4.0,3.0,4.0,4.0,2.0,3.0,4.0
Stigmatizing_Doubt-07,L,51,Hispanic,Woman,hetro,33,3.0,4.0,4.0,2.0,3.0,4.0,4.0,2.0,3.0,4.0
Stigmatizing_Blame-01,L,51,Hispanic,Woman,hetro,30,3.0,5.0,4.0,2.0,3.0,2.0,3.0,2.0,3.0,3.0
Stigmatizing_Blame-04,L,51,Hispanic,Woman,hetro,31,3.0,4.0,4.0,2.0,2.0,3.0,3.0,4.0,3.0,3.0
Stigmatizing_Blame-07,L,51,Hispanic,Woman,hetro,30,3.0,4.0,4.0,2.0,3.0,3.0,3.0,4.0,1.0,3.0
Stigmatizing_Stereotyping-01,L,51,Hispanic,Woman,hetro,33,3.0,4.0,4.0,4.0,3.0,3.0,3.0,2.0,3.0,4.0
Stigmatizing_Stereotyping-04,L,51,Hispanic,Woman,hetro,31,3.0,4.0,4.0,2.0,3.0,3.0,4.0,2.0,3.0,3.0
Stigmatizing_Stereotyping-07,L,51,Hispanic,Woman,hetro,31,3.0,4.0,4.0,2.0,2.0,2.0,3.0,5.0,3.0,3.0
Neutral-01,L,52,Black,Man,hetro,44,5.0,5.0,5.0,5.0,4.0,4.0,5.0,3.0,3.0,5.0
Stigmatizing-01,L,52,Black,Man,hetro,35,3.0,4.0,4.0,4.0,3.0,4.0,4.0,2.0,3.0,4.0
Stigmatizing-04,L,52,Black,Man,hetro,34,3.0,4.0,4.0,2.0,4.0,3.0,4.0,2.0,4.0,4.0
Stigmatizing-07,L,52,Black,Man,hetro,32,3.0,4.0,4.0,2.0,3.0,3.0,4.0,2.0,3.0,4.0
Stigmatizing-14,L,52,Black,Man,hetro,31,3.0,4.0,4.0,2.0,4.0,3.0,4.0,1.0,3.0,3.0
Stigmatizing-21,L,52,Black,Man,hetro,20,2.0,4.0,3.0,1.0,1.0,1.0,2.0,1.0,3.0,2.0
Stigmatizing_Doubt-01,L,52,Black,Man,hetro,32,3.0,4.0,4.0,2.0,3.0,3.0,4.0,2.0,4.0,3.0
Stigmatizing_Doubt-04,L,52,Black,Man,hetro,34,4.0,5.0,4.0,4.0,2.0,3.0,3.0,2.0,3.0,4.0
Stigmatizing_Doubt-07,L,52,Black,Man,hetro,30,3.0,4.0,4.0,2.0,3.0,3.0,2.0,4.0,3.0,2.0
Stigmatizing_Blame-01,L,52,Black,Man,hetro,32,3.0,4.0,4.0,3.0,3.0,3.0,4.0,2.0,3.0,3.0
Stigmatizing_Blame-04,L,52,Black,Man,hetro,34,3.0,4.0,4.0,2.0,3.0,3.0,4.0,5.0,3.0,3.0
Stigmatizing_Blame-07,L,52,Black,Man,hetro,28,3.0,4.0,4.0,2.0,3.0,3.0,3.0,1.0,3.0,2.0
Stigmatizing_Stereotyping-01,L,52,Black,Man,hetro,32,3.0,4.0,4.0,2.0,3.0,3.0,4.0,2.0,3.0,4.0
Stigmatizing_Stereotyping-04,L,52,Black,Man,hetro,33,3.0,4.0,4.0,3.0,3.0,3.0,3.0,4.0,3.0,3.0
Stigmatizing_Stereotyping-07,L,52,Black,Man,hetro,32,3.0,4.0,4.0,4.0,3.0,3.0,3.0,1.0,4.0,3.0
Neutral-01,L,52,Black,Woman,hetro,33,4.0,4.0,4.0,2.0,3.0,3.0,4.0,2.0,3.0,4.0
Stigmatizing-01,L,52,Black,Woman,hetro,36,4.0,5.0,5.0,2.0,4.0,3.0,4.0,2.0,3.0,4.0
Stigmatizing-04,L,52,Black,Woman,hetro,31,3.0,4.0,4.0,2.0,3.0,3.0,3.0,2.0,3.0,4.0
Stigmatizing-07,L,52,Black,Woman,hetro,32,3.0,4.0,3.0,4.0,3.0,4.0,3.0,1.0,3.0,4.0
Stigmatizing-14,L,52,Black,Woman,hetro,31,2.0,4.0,4.0,4.0,4.0,4.0,3.0,1.0,3.0,2.0
Stigmatizing-21,L,52,Black,Woman,hetro,29,2.0,4.0,3.0,1.0,1.0,1.0,4.0,5.0,4.0,4.0
Stigmatizing_Doubt-01,L,52,Black,Woman,hetro,36,3.0,4.0,4.0,2.0,3.0,3.0,5.0,2.0,5.0,5.0
Stigmatizing_Doubt-04,L,52,Black,Woman,hetro,35,3.0,4.0,4.0,3.0,3.0,3.0,4.0,3.0,4.0,4.0
Stigmatizing_Doubt-07,L,52,Black,Woman,hetro,30,3.0,4.0,4.0,2.0,3.0,3.0,3.0,2.0,3.0,3.0
Stigmatizing_Blame-01,L,52,Black,Woman,hetro,33,3.0,4.0,4.0,3.0,3.0,3.0,4.0,2.0,3.0,4.0
Stigmatizing_Blame-04,L,52,Black,Woman,hetro,33,3.0,4.0,4.0,3.0,3.0,3.0,4.0,2.0,3.0,4.0
Stigmatizing_Blame-07,L,52,Black,Woman,hetro,31,3.0,4.0,4.0,2.0,3.0,2.0,4.0,2.0,3.0,4.0
Stigmatizing_Stereotyping-01,L,52,Black,Woman,hetro,34,3.0,4.0,4.0,2.0,3.0,3.0,4.0,2.0,5.0,4.0
Stigmatizing_Stereotyping-04,L,52,Black,Woman,hetro,32,3.0,4.0,4.0,2.0,3.0,3.0,4.0,2.0,3.0,4.0
Stigmatizing_Stereotyping-07,L,52,Black,Woman,hetro,29,3.0,4.0,4.0,2.0,3.0,3.0,3.0,1.0,3.0,3.0
Neutral-01,L,52,White,Man,hetro,34,3.0,4.0,4.0,3.0,3.0,3.0,4.0,2.0,4.0,4.0
Stigmatizing-01,L,52,White,Man,hetro,34,3.0,4.0,4.0,2.0,3.0,3.0,4.0,4.0,3.0,4.0
Stigmatizing-04,L,52,White,Man,hetro,31,3.0,4.0,4.0,2.0,3.0,3.0,3.0,2.0,4.0,3.0
Stigmatizing-07,L,52,White,Man,hetro,24,2.0,3.0,3.0,1.0,2.0,2.0,3.0,2.0,3.0,3.0
Stigmatizing-14,L,52,White,Man,hetro,30,2.0,4.0,3.0,4.0,4.0,4.0,3.0,1.0,3.0,2.0
Stigmatizing-21,L,52,White,Man,hetro,23,2.0,3.0,3.0,2.0,3.0,2.0,2.0,1.0,3.0,2.0
Stigmatizing_Doubt-01,L,52,White,Man,hetro,32,3.0,4.0,4.0,2.0,2.0,3.0,3.0,3.0,4.0,4.0
Stigmatizing_Doubt-04,L,52,White,Man,hetro,38,3.0,4.0,5.0,3.0,3.0,4.0,5.0,2.0,4.0,5.0
Stigmatizing_Doubt-07,L,52,White,Man,hetro,31,3.0,4.0,3.0,2.0,3.0,3.0,3.0,4.0,3.0,3.0
Stigmatizing_Blame-01,L,52,White,Man,hetro,29,3.0,4.0,4.0,2.0,2.0,3.0,3.0,2.0,3.0,3.0
Stigmatizing_Blame-04,L,52,White,Man,hetro,32,3.0,4.0,4.0,2.0,2.0,3.0,2.0,5.0,4.0,3.0
Stigmatizing_Blame-07,L,52,White,Man,hetro,31,3.0,4.0,4.0,2.0,2.0,3.0,4.0,2.0,3.0,4.0
Stigmatizing_Stereotyping-01,L,52,White,Man,hetro,31,3.0,4.0,4.0,2.0,2.0,3.0,4.0,2.0,3.0,4.0
Stigmatizing_Stereotyping-04,L,52,White,Man,hetro,19,2.0,3.0,2.0,1.0,1.0,1.0,3.0,1.0,3.0,2.0
Stigmatizing_Stereotyping-07,L,52,White,Man,hetro,33,3.0,4.0,4.0,4.0,4.0,4.0,3.0,1.0,3.0,3.0
Neutral-01,L,52,White,Woman,hetro,36,3.0,4.0,4.0,3.0,3.0,3.0,4.0,4.0,4.0,4.0
Stigmatizing-01,L,52,White,Woman,hetro,31,3.0,5.0,4.0,2.0,4.0,3.0,2.0,4.0,3.0,1.0
Stigmatizing-04,L,52,White,Woman,hetro,29,3.0,4.0,4.0,1.0,1.0,2.0,5.0,1.0,4.0,4.0
Stigmatizing-07,L,52,White,Woman,hetro,33,3.0,4.0,4.0,4.0,3.0,4.0,3.0,2.0,3.0,3.0
Stigmatizing-14,L,52,White,Woman,hetro,23,2.0,4.0,3.0,1.0,2.0,2.0,3.0,1.0,3.0,2.0
Stigmatizing-21,L,52,White,Woman,hetro,29,2.0,4.0,3.0,1.0,2.0,2.0,3.0,5.0,4.0,3.0
Stigmatizing_Doubt-01,L,52,White,Woman,hetro,32,3.0,4.0,4.0,2.0,3.0,3.0,3.0,4.0,3.0,3.0
Stigmatizing_Doubt-04,L,52,White,Woman,hetro,36,3.0,5.0,4.0,4.0,4.0,4.0,3.0,2.0,3.0,4.0
Stigmatizing_Doubt-07,L,52,White,Woman,hetro,35,3.0,4.0,4.0,4.0,3.0,4.0,4.0,2.0,3.0,4.0
Stigmatizing_Blame-01,L,52,White,Woman,hetro,31,3.0,4.0,4.0,2.0,3.0,3.0,3.0,2.0,3.0,4.0
Stigmatizing_Blame-04,L,52,White,Woman,hetro,31,2.0,4.0,3.0,4.0,4.0,4.0,3.0,1.0,3.0,3.0
Stigmatizing_Blame-07,L,52,White,Woman,hetro,34,2.0,4.0,3.0,1.0,4.0,4.0,3.0,5.0,4.0,4.0
Stigmatizing_Stereotyping-01,L,52,White,Woman,hetro,24,3.0,1.0,3.0,2.0,2.0,2.0,4.0,1.0,3.0,3.0
Stigmatizing_Stereotyping-04,L,52,White,Woman,hetro,29,3.0,4.0,4.0,2.0,3.0,3.0,3.0,1.0,3.0,3.0
Stigmatizing_Stereotyping-07,L,52,White,Woman,hetro,33,3.0,4.0,4.0,4.0,3.0,4.0,3.0,2.0,3.0,3.0
Neutral-01,L,52,Asian,Man,hetro,34,3.0,4.0,4.0,2.0,4.0,3.0,4.0,3.0,3.0,4.0
Stigmatizing-01,L,52,Asian,Man,hetro,34,3.0,4.0,3.0,4.0,3.0,3.0,4.0,2.0,4.0,4.0
Stigmatizing-04,L,52,Asian,Man,hetro,33,2.0,4.0,4.0,4.0,3.0,3.0,3.0,2.0,4.0,4.0
Stigmatizing-07,L,52,Asian,Man,hetro,25,3.0,4.0,4.0,1.0,1.0,2.0,3.0,1.0,3.0,3.0
Stigmatizing-14,L,52,Asian,Man,hetro,32,2.0,4.0,4.0,4.0,4.0,4.0,3.0,1.0,3.0,3.0
Stigmatizing-21,L,52,Asian,Man,hetro,30,2.0,3.0,4.0,1.0,2.0,1.0,4.0,5.0,4.0,4.0
Stigmatizing_Doubt-01,L,52,Asian,Man,hetro,29,3.0,4.0,4.0,2.0,3.0,3.0,2.0,4.0,3.0,1.0
Stigmatizing_Doubt-04,L,52,Asian,Man,hetro,35,4.0,5.0,5.0,3.0,3.0,3.0,3.0,2.0,3.0,4.0
Stigmatizing_Doubt-07,L,52,Asian,Man,hetro,34,3.0,4.0,4.0,2.0,3.0,3.0,3.0,5.0,4.0,3.0
Stigmatizing_Blame-01,L,52,Asian,Man,hetro,34,3.0,4.0,4.0,3.0,3.0,3.0,4.0,2.0,3.0,5.0
Stigmatizing_Blame-04,L,52,Asian,Man,hetro,32,3.0,4.0,4.0,2.0,4.0,4.0,2.0,5.0,2.0,2.0
Stigmatizing_Blame-07,L,52,Asian,Man,hetro,33,3.0,4.0,4.0,2.0,3.0,3.0,3.0,5.0,3.0,3.0
Stigmatizing_Stereotyping-01,L,52,Asian,Man,hetro,34,3.0,4.0,4.0,3.0,3.0,3.0,4.0,2.0,4.0,4.0
Stigmatizing_Stereotyping-04,L,52,Asian,Man,hetro,31,3.0,4.0,4.0,2.0,2.0,2.0,4.0,2.0,4.0,4.0
Stigmatizing_Stereotyping-07,L,52,Asian,Man,hetro,33,3.0,4.0,5.0,4.0,3.0,4.0,3.0,1.0,3.0,3.0
Neutral-01,L,52,Asian,Woman,hetro,30,3.0,4.0,4.0,2.0,3.0,3.0,2.0,4.0,3.0,2.0
Stigmatizing-01,L,52,Asian,Woman,hetro,35,3.0,5.0,5.0,2.0,3.0,3.0,4.0,3.0,3.0,4.0
Stigmatizing-04,L,52,Asian,Woman,hetro,33,3.0,4.0,4.0,2.0,3.0,3.0,3.0,5.0,3.0,3.0
Stigmatizing-07,L,52,Asian,Woman,hetro,32,3.0,4.0,4.0,2.0,3.0,2.0,4.0,4.0,4.0,2.0
Stigmatizing-14,L,52,Asian,Woman,hetro,32,3.0,4.0,4.0,2.0,2.0,2.0,3.0,5.0,3.0,4.0
Stigmatizing-21,L,52,Asian,Woman,hetro,21,2.0,3.0,2.0,1.0,2.0,2.0,3.0,1.0,2.0,3.0
Stigmatizing_Doubt-01,L,52,Asian,Woman,hetro,37,4.0,5.0,5.0,2.0,3.0,3.0,4.0,2.0,4.0,5.0
Stigmatizing_Doubt-04,L,52,Asian,Woman,hetro,37,3.0,4.0,4.0,3.0,3.0,4.0,5.0,3.0,3.0,5.0
Stigmatizing_Doubt-07,L,52,Asian,Woman,hetro,31,3.0,4.0,4.0,2.0,3.0,3.0,3.0,2.0,3.0,4.0
Stigmatizing_Blame-01,L,52,Asian,Woman,hetro,33,3.0,4.0,4.0,3.0,3.0,3.0,3.0,2.0,4.0,4.0
Stigmatizing_Blame-04,L,52,Asian,Woman,hetro,34,3.0,4.0,4.0,2.0,3.0,4.0,4.0,2.0,4.0,4.0
Stigmatizing_Blame-07,L,52,Asian,Woman,hetro,30,2.0,4.0,4.0,2.0,2.0,2.0,4.0,2.0,4.0,4.0
Stigmatizing_Stereotyping-01,L,52,Asian,Woman,hetro,33,3.0,4.0,4.0,2.0,3.0,3.0,3.0,4.0,4.0,3.0
Stigmatizing_Stereotyping-04,L,52,Asian,Woman,hetro,26,2.0,4.0,3.0,1.0,2.0,2.0,4.0,2.0,3.0,3.0
Stigmatizing_Stereotyping-07,L,52,Asian,Woman,hetro,24,2.0,4.0,3.0,1.0,2.0,2.0,3.0,1.0,3.0,3.0
Neutral-01,L,52,Hispanic,Man,hetro,32,3.0,4.0,4.0,3.0,2.0,3.0,4.0,2.0,3.0,4.0
Stigmatizing-01,L,52,Hispanic,Man,hetro,32,3.0,4.0,4.0,4.0,3.0,3.0,3.0,2.0,3.0,3.0
Stigmatizing-04,L,52,Hispanic,Man,hetro,32,3.0,4.0,4.0,2.0,3.0,3.0,4.0,2.0,3.0,4.0
Stigmatizing-07,L,52,Hispanic,Man,hetro,35,3.0,4.0,3.0,4.0,4.0,5.0,3.0,2.0,4.0,3.0
Stigmatizing-14,L,52,Hispanic,Man,hetro,25,3.0,4.0,4.0,1.0,2.0,2.0,3.0,1.0,3.0,2.0
Stigmatizing-21,L,52,Hispanic,Man,hetro,22,2.0,3.0,3.0,1.0,2.0,2.0,3.0,1.0,2.0,3.0
Stigmatizing_Doubt-01,L,52,Hispanic,Man,hetro,36,4.0,5.0,5.0,3.0,4.0,3.0,3.0,4.0,3.0,2.0
Stigmatizing_Doubt-04,L,52,Hispanic,Man,hetro,31,3.0,5.0,5.0,1.0,4.0,3.0,3.0,1.0,3.0,3.0
Stigmatizing_Doubt-07,L,52,Hispanic,Man,hetro,32,3.0,4.0,4.0,4.0,3.0,3.0,3.0,2.0,3.0,3.0
Stigmatizing_Blame-01,L,52,Hispanic,Man,hetro,32,3.0,4.0,4.0,2.0,3.0,2.0,4.0,2.0,4.0,4.0
Stigmatizing_Blame-04,L,52,Hispanic,Man,hetro,34,3.0,4.0,4.0,4.0,3.0,4.0,3.0,2.0,4.0,3.0
Stigmatizing_Blame-07,L,52,Hispanic,Man,hetro,32,3.0,4.0,4.0,4.0,3.0,3.0,3.0,1.0,3.0,4.0
Stigmatizing_Stereotyping-01,L,52,Hispanic,Man,hetro,31,3.0,4.0,4.0,2.0,3.0,3.0,3.0,2.0,3.0,4.0
Stigmatizing_Stereotyping-04,L,52,Hispanic,Man,hetro,33,3.0,4.0,4.0,4.0,3.0,3.0,3.0,2.0,4.0,3.0
Stigmatizing_Stereotyping-07,L,52,Hispanic,Man,hetro,34,3.0,4.0,4.0,2.0,3.0,3.0,3.0,5.0,4.0,3.0
Neutral-01,L,52,Hispanic,Woman,hetro,28,3.0,4.0,4.0,2.0,3.0,3.0,2.0,3.0,2.0,2.0
Stigmatizing-01,L,52,Hispanic,Woman,hetro,32,3.0,4.0,4.0,2.0,3.0,2.0,3.0,5.0,3.0,3.0
Stigmatizing-04,L,52,Hispanic,Woman,hetro,31,3.0,4.0,4.0,2.0,3.0,3.0,3.0,2.0,4.0,3.0
Stigmatizing-07,L,52,Hispanic,Woman,hetro,26,2.0,4.0,3.0,1.0,1.0,1.0,3.0,5.0,3.0,3.0
Stigmatizing-14,L,52,Hispanic,Woman,hetro,34,3.0,4.0,4.0,5.0,4.0,4.0,3.0,1.0,3.0,3.0
Stigmatizing-21,L,52,Hispanic,Woman,hetro,20,2.0,4.0,3.0,1.0,1.0,1.0,3.0,1.0,2.0,2.0
Stigmatizing_Doubt-01,L,52,Hispanic,Woman,hetro,33,3.0,4.0,4.0,3.0,3.0,3.0,4.0,2.0,3.0,4.0
Stigmatizing_Doubt-04,L,52,Hispanic,Woman,hetro,36,4.0,5.0,5.0,3.0,2.0,2.0,4.0,2.0,4.0,5.0
Stigmatizing_Doubt-07,L,52,Hispanic,Woman,hetro,34,3.0,4.0,4.0,4.0,3.0,4.0,4.0,2.0,3.0,3.0
Stigmatizing_Blame-01,L,52,Hispanic,Woman,hetro,34,3.0,4.0,4.0,4.0,3.0,3.0,4.0,2.0,3.0,4.0
Stigmatizing_Blame-04,L,52,Hispanic,Woman,hetro,34,3.0,4.0,4.0,4.0,4.0,4.0,3.0,2.0,3.0,3.0
Stigmatizing_Blame-07,L,52,Hispanic,Woman,hetro,36,3.0,4.0,4.0,4.0,3.0,4.0,4.0,2.0,4.0,4.0
Stigmatizing_Stereotyping-01,L,52,Hispanic,Woman,hetro,35,3.0,4.0,4.0,3.0,3.0,4.0,4.0,2.0,4.0,4.0
Stigmatizing_Stereotyping-04,L,52,Hispanic,Woman,hetro,31,3.0,4.0,4.0,2.0,2.0,2.0,3.0,2.0,4.0,5.0
Stigmatizing_Stereotyping-07,L,52,Hispanic,Woman,hetro,35,3.0,4.0,4.0,4.0,4.0,4.0,3.0,2.0,3.0,4.0
Neutral-01,L,53,Black,Man,hetro,34,3.0,4.0,4.0,4.0,3.0,3.0,4.0,2.0,3.0,4.0
Stigmatizing-01,L,53,Black,Man,hetro,40,4.0,5.0,5.0,2.0,3.0,3.0,5.0,3.0,5.0,5.0
Stigmatizing-04,L,53,Black,Man,hetro,30,3.0,4.0,4.0,2.0,3.0,3.0,3.0,4.0,2.0,2.0
Stigmatizing-07,L,53,Black,Man,hetro,31,3.0,4.0,4.0,2.0,3.0,3.0,2.0,4.0,3.0,3.0
Stigmatizing-14,L,53,Black,Man,hetro,29,2.0,4.0,3.0,1.0,2.0,2.0,3.0,5.0,4.0,3.0
Stigmatizing-21,L,53,Black,Man,hetro,20,2.0,3.0,4.0,1.0,1.0,1.0,2.0,1.0,3.0,2.0
Stigmatizing_Doubt-01,L,53,Black,Man,hetro,34,3.0,4.0,4.0,3.0,3.0,3.0,4.0,2.0,4.0,4.0
Stigmatizing_Doubt-04,L,53,Black,Man,hetro,31,3.0,4.0,4.0,2.0,3.0,3.0,3.0,4.0,2.0,3.0
Stigmatizing_Doubt-07,L,53,Black,Man,hetro,35,3.0,4.0,4.0,2.0,4.0,4.0,3.0,3.0,4.0,4.0
Stigmatizing_Blame-01,L,53,Black,Man,hetro,34,3.0,4.0,4.0,3.0,4.0,3.0,4.0,2.0,3.0,4.0
Stigmatizing_Blame-04,L,53,Black,Man,hetro,30,3.0,4.0,4.0,2.0,3.0,3.0,2.0,4.0,3.0,2.0
Stigmatizing_Blame-07,L,53,Black,Man,hetro,30,3.0,4.0,4.0,1.0,3.0,3.0,2.0,4.0,3.0,3.0
Stigmatizing_Stereotyping-01,L,53,Black,Man,hetro,33,3.0,4.0,4.0,3.0,3.0,3.0,4.0,2.0,3.0,4.0
Stigmatizing_Stereotyping-04,L,53,Black,Man,hetro,32,3.0,4.0,4.0,2.0,3.0,3.0,4.0,2.0,3.0,4.0
Stigmatizing_Stereotyping-07,L,53,Black,Man,hetro,31,3.0,4.0,4.0,1.0,2.0,2.0,3.0,5.0,3.0,4.0
Neutral-01,L,53,Black,Woman,hetro,36,3.0,5.0,5.0,2.0,4.0,2.0,5.0,2.0,3.0,5.0
Stigmatizing-01,L,53,Black,Woman,hetro,41,3.0,5.0,5.0,4.0,4.0,4.0,5.0,2.0,4.0,5.0
Stigmatizing-04,L,53,Black,Woman,hetro,32,3.0,4.0,4.0,4.0,3.0,3.0,3.0,2.0,3.0,3.0
Stigmatizing-07,L,53,Black,Woman,hetro,26,2.0,4.0,4.0,1.0,2.0,2.0,3.0,1.0,4.0,3.0
Stigmatizing-14,L,53,Black,Woman,hetro,25,2.0,4.0,3.0,1.0,2.0,2.0,3.0,1.0,4.0,3.0
Stigmatizing-21,L,53,Black,Woman,hetro,30,2.0,3.0,3.0,1.0,2.0,2.0,4.0,5.0,4.0,4.0
Stigmatizing_Doubt-01,L,53,Black,Woman,hetro,36,3.0,5.0,4.0,4.0,3.0,4.0,4.0,2.0,3.0,4.0
Stigmatizing_Doubt-04,L,53,Black,Woman,hetro,35,4.0,4.0,4.0,3.0,2.0,3.0,4.0,3.0,4.0,4.0
Stigmatizing_Doubt-07,L,53,Black,Woman,hetro,33,3.0,4.0,4.0,3.0,3.0,4.0,3.0,2.0,3.0,4.0
Stigmatizing_Blame-01,L,53,Black,Woman,hetro,37,4.0,5.0,5.0,3.0,3.0,3.0,4.0,2.0,4.0,4.0
Stigmatizing_Blame-04,L,53,Black,Woman,hetro,33,3.0,4.0,4.0,2.0,3.0,4.0,2.0,5.0,3.0,3.0
Stigmatizing_Blame-07,L,53,Black,Woman,hetro,30,3.0,4.0,4.0,2.0,3.0,3.0,3.0,1.0,3.0,4.0
Stigmatizing_Stereotyping-01,L,53,Black,Woman,hetro,33,3.0,4.0,4.0,2.0,4.0,3.0,4.0,2.0,3.0,4.0
Stigmatizing_Stereotyping-04,L,53,Black,Woman,hetro,35,3.0,4.0,4.0,3.0,4.0,4.0,4.0,2.0,3.0,4.0
Stigmatizing_Stereotyping-07,L,53,Black,Woman,hetro,23,2.0,4.0,4.0,1.0,1.0,1.0,4.0,1.0,3.0,2.0
Neutral-01,L,53,White,Man,hetro,34,3.0,4.0,4.0,3.0,4.0,4.0,4.0,2.0,3.0,3.0
Stigmatizing-01,L,53,White,Man,hetro,32,3.0,4.0,4.0,2.0,3.0,3.0,3.0,4.0,3.0,3.0
Stigmatizing-04,L,53,White,Man,hetro,33,3.0,4.0,4.0,4.0,3.0,4.0,3.0,2.0,3.0,3.0
Stigmatizing-07,L,53,White,Man,hetro,32,3.0,4.0,4.0,1.0,3.0,3.0,5.0,2.0,3.0,4.0
Stigmatizing-14,L,53,White,Man,hetro,30,2.0,4.0,4.0,4.0,3.0,4.0,3.0,1.0,2.0,3.0
Stigmatizing-21,L,53,White,Man,hetro,19,2.0,3.0,3.0,1.0,1.0,2.0,2.0,1.0,2.0,2.0
Stigmatizing_Doubt-01,L,53,White,Man,hetro,32,3.0,4.0,4.0,2.0,3.0,3.0,4.0,2.0,3.0,4.0
Stigmatizing_Doubt-04,L,53,White,Man,hetro,25,2.0,5.0,4.0,1.0,1.0,1.0,3.0,1.0,3.0,4.0
Stigmatizing_Doubt-07,L,53,White,Man,hetro,35,3.0,5.0,5.0,3.0,3.0,3.0,3.0,2.0,4.0,4.0
Stigmatizing_Blame-01,L,53,White,Man,hetro,35,3.0,4.0,4.0,4.0,4.0,3.0,4.0,2.0,3.0,4.0
Stigmatizing_Blame-04,L,53,White,Man,hetro,33,3.0,4.0,4.0,2.0,3.0,3.0,2.0,5.0,4.0,3.0
Stigmatizing_Blame-07,L,53,White,Man,hetro,33,3.0,4.0,4.0,2.0,3.0,3.0,3.0,5.0,3.0,3.0
Stigmatizing_Stereotyping-01,L,53,White,Man,hetro,34,3.0,4.0,4.0,3.0,3.0,3.0,4.0,2.0,3.0,5.0
Stigmatizing_Stereotyping-04,L,53,White,Man,hetro,32,3.0,4.0,4.0,4.0,3.0,3.0,3.0,2.0,3.0,3.0
Stigmatizing_Stereotyping-07,L,53,White,Man,hetro,28,3.0,4.0,4.0,2.0,3.0,2.0,3.0,1.0,3.0,3.0
Neutral-01,L,53,White,Woman,hetro,35,3.0,4.0,4.0,3.0,3.0,3.0,4.0,3.0,4.0,4.0
Stigmatizing-01,L,53,White,Woman,hetro,37,3.0,4.0,4.0,3.0,3.0,3.0,4.0,3.0,5.0,5.0
Stigmatizing-04,L,53,White,Woman,hetro,32,3.0,4.0,4.0,2.0,3.0,3.0,4.0,2.0,4.0,3.0
Stigmatizing-07,L,53,White,Woman,hetro,32,3.0,4.0,4.0,1.0,2.0,2.0,4.0,5.0,3.0,4.0
Stigmatizing-14,L,53,White,Woman,hetro,31,3.0,4.0,4.0,1.0,2.0,2.0,4.0,5.0,2.0,4.0
Stigmatizing-21,L,53,White,Woman,hetro,27,2.0,4.0,3.0,1.0,1.0,1.0,3.0,5.0,4.0,3.0
Stigmatizing_Doubt-01,L,53,White,Woman,hetro,37,4.0,5.0,5.0,2.0,4.0,3.0,3.0,5.0,3.0,3.0
Stigmatizing_Doubt-04,L,53,White,Woman,hetro,29,2.0,4.0,3.0,2.0,2.0,2.0,3.0,5.0,4.0,2.0
Stigmatizing_Doubt-07,L,53,White,Woman,hetro,32,3.0,4.0,4.0,4.0,3.0,3.0,4.0,1.0,3.0,3.0
Stigmatizing_Blame-01,L,53,White,Woman,hetro,33,3.0,4.0,4.0,3.0,3.0,3.0,4.0,2.0,3.0,4.0
Stigmatizing_Blame-04,L,53,White,Woman,hetro,31,2.0,4.0,4.0,4.0,3.0,4.0,3.0,1.0,3.0,3.0
Stigmatizing_Blame-07,L,53,White,Woman,hetro,30,3.0,4.0,4.0,2.0,3.0,3.0,2.0,4.0,3.0,2.0
Stigmatizing_Stereotyping-01,L,53,White,Woman,hetro,35,3.0,4.0,4.0,3.0,4.0,3.0,4.0,2.0,4.0,4.0
Stigmatizing_Stereotyping-04,L,53,White,Woman,hetro,35,3.0,4.0,4.0,4.0,3.0,4.0,4.0,2.0,3.0,4.0
Stigmatizing_Stereotyping-07,L,53,White,Woman,hetro,30,3.0,4.0,4.0,2.0,3.0,3.0,3.0,2.0,3.0,3.0
Neutral-01,L,53,Asian,Man,hetro,31,4.0,4.0,4.0,2.0,2.0,2.0,4.0,2.0,3.0,4.0
Stigmatizing-01,L,53,Asian,Man,hetro,37,4.0,5.0,5.0,2.0,3.0,3.0,4.0,3.0,4.0,4.0
Stigmatizing-04,L,53,Asian,Man,hetro,34,3.0,4.0,4.0,4.0,3.0,3.0,4.0,2.0,3.0,4.0
Stigmatizing-07,L,53,Asian,Man,hetro,28,3.0,4.0,4.0,1.0,3.0,2.0,4.0,1.0,3.0,3.0
Stigmatizing-14,L,53,Asian,Man,hetro,32,3.0,4.0,3.0,2.0,2.0,3.0,4.0,4.0,3.0,4.0
Stigmatizing-21,L,53,Asian,Man,hetro,30,2.0,4.0,3.0,4.0,4.0,4.0,2.0,1.0,3.0,3.0
Stigmatizing_Doubt-01,L,53,Asian,Man,hetro,33,3.0,4.0,4.0,3.0,3.0,3.0,4.0,2.0,3.0,4.0
Stigmatizing_Doubt-04,L,53,Asian,Man,hetro,29,3.0,4.0,4.0,1.0,3.0,3.0,3.0,2.0,3.0,3.0
Stigmatizing_Doubt-07,L,53,Asian,Man,hetro,32,3.0,4.0,4.0,2.0,3.0,3.0,3.0,4.0,3.0,3.0
Stigmatizing_Blame-01,L,53,Asian,Man,hetro,34,3.0,4.0,4.0,4.0,3.0,4.0,4.0,1.0,3.0,4.0
Stigmatizing_Blame-04,L,53,Asian,Man,hetro,34,3.0,4.0,4.0,4.0,3.0,3.0,3.0,2.0,4.0,4.0
Stigmatizing_Blame-07,L,53,Asian,Man,hetro,33,3.0,5.0,4.0,4.0,3.0,3.0,4.0,1.0,3.0,3.0
Stigmatizing_Stereotyping-01,L,53,Asian,Man,hetro,37,3.0,4.0,4.0,4.0,3.0,3.0,5.0,2.0,4.0,5.0
Stigmatizing_Stereotyping-04,L,53,Asian,Man,hetro,33,3.0,4.0,4.0,4.0,3.0,4.0,3.0,2.0,3.0,3.0
Stigmatizing_Stereotyping-07,L,53,Asian,Man,hetro,31,2.0,4.0,4.0,2.0,2.0,2.0,3.0,5.0,4.0,3.0
Neutral-01,L,53,Asian,Woman,hetro,40,4.0,5.0,5.0,3.0,4.0,4.0,4.0,2.0,4.0,5.0
Stigmatizing-01,L,53,Asian,Woman,hetro,33,3.0,4.0,4.0,4.0,3.0,3.0,3.0,2.0,3.0,4.0
Stigmatizing-04,L,53,Asian,Woman,hetro,33,3.0,4.0,4.0,2.0,3.0,3.0,4.0,2.0,4.0,4.0
Stigmatizing-07,L,53,Asian,Woman,hetro,33,3.0,4.0,4.0,4.0,3.0,4.0,3.0,2.0,3.0,3.0
Stigmatizing-14,L,53,Asian,Woman,hetro,21,2.0,4.0,3.0,1.0,2.0,1.0,2.0,1.0,3.0,2.0
Stigmatizing-21,L,53,Asian,Woman,hetro,27,2.0,4.0,3.0,1.0,4.0,4.0,3.0,1.0,3.0,2.0
Stigmatizing_Doubt-01,L,53,Asian,Woman,hetro,32,3.0,4.0,4.0,3.0,3.0,3.0,4.0,2.0,3.0,3.0
Stigmatizing_Doubt-04,L,53,Asian,Woman,hetro,33,3.0,4.0,4.0,2.0,3.0,4.0,4.0,2.0,3.0,4.0
Stigmatizing_Doubt-07,L,53,Asian,Woman,hetro,31,3.0,4.0,4.0,2.0,3.0,3.0,3.0,2.0,3.0,4.0
Stigmatizing_Blame-01,L,53,Asian,Woman,hetro,34,3.0,4.0,4.0,4.0,3.0,3.0,4.0,2.0,3.0,4.0
Stigmatizing_Blame-04,L,53,Asian,Woman,hetro,27,3.0,4.0,4.0,1.0,2.0,2.0,4.0,1.0,3.0,3.0
Stigmatizing_Blame-07,L,53,Asian,Woman,hetro,28,3.0,4.0,4.0,1.0,1.0,2.0,4.0,1.0,4.0,4.0
Stigmatizing_Stereotyping-01,L,53,Asian,Woman,hetro,35,4.0,4.0,4.0,3.0,4.0,3.0,4.0,2.0,3.0,4.0
Stigmatizing_Stereotyping-04,L,53,Asian,Woman,hetro,25,3.0,2.0,2.0,2.0,2.0,3.0,3.0,4.0,2.0,2.0
Stigmatizing_Stereotyping-07,L,53,Asian,Woman,hetro,32,3.0,4.0,4.0,4.0,3.0,3.0,3.0,2.0,3.0,3.0
Neutral-01,L,53,Hispanic,Man,hetro,34,4.0,4.0,4.0,4.0,3.0,3.0,4.0,2.0,3.0,3.0
Stigmatizing-01,L,53,Hispanic,Man,hetro,34,4.0,5.0,5.0,2.0,3.0,3.0,3.0,1.0,4.0,4.0
Stigmatizing-04,L,53,Hispanic,Man,hetro,33,3.0,4.0,4.0,4.0,3.0,4.0,3.0,2.0,3.0,3.0
Stigmatizing-07,L,53,Hispanic,Man,hetro,31,3.0,4.0,4.0,2.0,3.0,3.0,4.0,1.0,3.0,4.0
Stigmatizing-14,L,53,Hispanic,Man,hetro,28,3.0,2.0,2.0,2.0,3.0,3.0,3.0,4.0,3.0,3.0
Stigmatizing-21,L,53,Hispanic,Man,hetro,19,2.0,3.0,3.0,1.0,1.0,1.0,3.0,1.0,2.0,2.0
Stigmatizing_Doubt-01,L,53,Hispanic,Man,hetro,33,3.0,4.0,4.0,2.0,2.0,3.0,4.0,3.0,4.0,4.0
Stigmatizing_Doubt-04,L,53,Hispanic,Man,hetro,32,3.0,4.0,4.0,3.0,3.0,3.0,3.0,2.0,3.0,4.0
Stigmatizing_Doubt-07,L,53,Hispanic,Man,hetro,27,2.0,4.0,3.0,2.0,3.0,3.0,3.0,1.0,3.0,3.0
Stigmatizing_Blame-01,L,53,Hispanic,Man,hetro,35,3.0,4.0,4.0,4.0,3.0,3.0,4.0,2.0,4.0,4.0
Stigmatizing_Blame-04,L,53,Hispanic,Man,hetro,34,3.0,4.0,4.0,4.0,3.0,3.0,4.0,2.0,3.0,4.0
Stigmatizing_Blame-07,L,53,Hispanic,Man,hetro,33,3.0,4.0,4.0,4.0,3.0,4.0,3.0,2.0,3.0,3.0
Stigmatizing_Stereotyping-01,L,53,Hispanic,Man,hetro,30,3.0,4.0,4.0,2.0,3.0,3.0,2.0,4.0,3.0,2.0
Stigmatizing_Stereotyping-04,L,53,Hispanic,Man,hetro,33,3.0,4.0,4.0,3.0,3.0,3.0,4.0,2.0,3.0,4.0
Stigmatizing_Stereotyping-07,L,53,Hispanic,Man,hetro,35,3.0,4.0,4.0,4.0,3.0,4.0,4.0,2.0,4.0,3.0
Neutral-01,L,53,Hispanic,Woman,hetro,34,4.0,4.0,4.0,3.0,3.0,3.0,4.0,2.0,3.0,4.0
Stigmatizing-01,L,53,Hispanic,Woman,hetro,38,4.0,4.0,4.0,3.0,4.0,3.0,5.0,3.0,3.0,5.0
Stigmatizing-04,L,53,Hispanic,Woman,hetro,34,3.0,4.0,4.0,4.0,3.0,4.0,3.0,2.0,3.0,4.0
Stigmatizing-07,L,53,Hispanic,Woman,hetro,30,3.0,4.0,4.0,2.0,3.0,3.0,3.0,2.0,3.0,3.0
Stigmatizing-14,L,53,Hispanic,Woman,hetro,24,2.0,4.0,3.0,1.0,2.0,2.0,3.0,1.0,3.0,3.0
Stigmatizing-21,L,53,Hispanic,Woman,hetro,23,2.0,4.0,3.0,1.0,2.0,2.0,3.0,1.0,3.0,2.0
Stigmatizing_Doubt-01,L,53,Hispanic,Woman,hetro,31,3.0,4.0,4.0,2.0,2.0,3.0,4.0,2.0,4.0,3.0
Stigmatizing_Doubt-04,L,53,Hispanic,Woman,hetro,30,3.0,4.0,4.0,2.0,2.0,2.0,4.0,2.0,4.0,3.0
Stigmatizing_Doubt-07,L,53,Hispanic,Woman,hetro,33,3.0,4.0,4.0,4.0,3.0,3.0,3.0,2.0,3.0,4.0
Stigmatizing_Blame-01,L,53,Hispanic,Woman,hetro,34,3.0,4.0,4.0,4.0,3.0,3.0,4.0,2.0,3.0,4.0
Stigmatizing_Blame-04,L,53,Hispanic,Woman,hetro,32,3.0,4.0,4.0,2.0,3.0,3.0,4.0,2.0,3.0,4.0
Stigmatizing_Blame-07,L,53,Hispanic,Woman,hetro,29,2.0,4.0,4.0,1.0,3.0,3.0,3.0,1.0,4.0,4.0
Stigmatizing_Stereotyping-01,L,53,Hispanic,Woman,hetro,35,3.0,4.0,4.0,4.0,3.0,3.0,4.0,2.0,4.0,4.0
Stigmatizing_Stereotyping-04,L,53,Hispanic,Woman,hetro,29,3.0,4.0,4.0,2.0,2.0,3.0,3.0,4.0,2.0,2.0
Stigmatizing_Stereotyping-07,L,53,Hispanic,Woman,hetro,29,3.0,4.0,4.0,2.0,2.0,3.0,4.0,1.0,3.0,3.0
Neutral-01,R,50,Black,Man,hetro,39,4.0,5.0,5.0,3.0,2.0,3.0,4.0,3.0,5.0,5.0
Stigmatizing-01,R,50,Black,Man,hetro,35,4.0,4.0,4.0,4.0,3.0,3.0,4.0,2.0,3.0,4.0
Stigmatizing-04,R,50,Black,Man,hetro,38,3.0,4.0,4.0,4.0,3.0,4.0,5.0,2.0,4.0,5.0
Stigmatizing-07,R,50,Black,Man,hetro,31,3.0,4.0,3.0,2.0,3.0,3.0,4.0,2.0,4.0,3.0
Stigmatizing-14,R,50,Black,Man,hetro,22,2.0,4.0,4.0,1.0,1.0,2.0,3.0,1.0,2.0,2.0
Stigmatizing-21,R,50,Black,Man,hetro,22,2.0,3.0,3.0,1.0,2.0,2.0,3.0,1.0,3.0,2.0
Stigmatizing_Doubt-01,R,50,Black,Man,hetro,36,3.0,4.0,4.0,4.0,3.0,4.0,4.0,4.0,3.0,3.0
Stigmatizing_Doubt-04,R,50,Black,Man,hetro,26,2.0,4.0,3.0,2.0,2.0,2.0,2.0,4.0,3.0,2.0
Stigmatizing_Doubt-07,R,50,Black,Man,hetro,31,3.0,4.0,4.0,2.0,3.0,2.0,3.0,5.0,3.0,2.0
Stigmatizing_Blame-01,R,50,Black,Man,hetro,35,4.0,5.0,5.0,2.0,3.0,3.0,4.0,2.0,3.0,4.0
Stigmatizing_Blame-04,R,50,Black,Man,hetro,34,3.0,4.0,4.0,4.0,3.0,3.0,4.0,2.0,3.0,4.0
Stigmatizing_Blame-07,R,50,Black,Man,hetro,32,3.0,4.0,4.0,4.0,3.0,3.0,3.0,2.0,3.0,3.0
Stigmatizing_Stereotyping-01,R,50,Black,Man,hetro,39,4.0,5.0,5.0,2.0,4.0,3.0,4.0,3.0,4.0,5.0
Stigmatizing_Stereotyping-04,R,50,Black,Man,hetro,37,3.0,5.0,5.0,4.0,4.0,4.0,4.0,1.0,3.0,4.0
Stigmatizing_Stereotyping-07,R,50,Black,Man,hetro,35,3.0,4.0,4.0,3.0,3.0,4.0,4.0,2.0,4.0,4.0
Neutral-01,R,50,Black,Woman,hetro,34,3.0,4.0,4.0,3.0,3.0,3.0,4.0,2.0,4.0,4.0
Stigmatizing-01,R,50,Black,Woman,hetro,35,3.0,4.0,4.0,3.0,4.0,3.0,4.0,2.0,4.0,4.0
Stigmatizing-04,R,50,Black,Woman,hetro,30,3.0,4.0,4.0,2.0,3.0,2.0,4.0,2.0,3.0,3.0
Stigmatizing-07,R,50,Black,Woman,hetro,33,3.0,4.0,4.0,2.0,3.0,3.0,3.0,4.0,4.0,3.0
Stigmatizing-14,R,50,Black,Woman,hetro,23,2.0,3.0,3.0,2.0,2.0,2.0,3.0,1.0,3.0,2.0
Stigmatizing-21,R,50,Black,Woman,hetro,25,2.0,4.0,3.0,1.0,1.0,4.0,3.0,1.0,3.0,3.0
Stigmatizing_Doubt-01,R,50,Black,Woman,hetro,39,3.0,4.0,5.0,3.0,4.0,4.0,4.0,3.0,4.0,5.0
Stigmatizing_Doubt-04,R,50,Black,Woman,hetro,31,3.0,4.0,4.0,3.0,3.0,3.0,2.0,4.0,3.0,2.0
Stigmatizing_Doubt-07,R,50,Black,Woman,hetro,32,3.0,4.0,4.0,4.0,3.0,3.0,3.0,2.0,3.0,3.0
Stigmatizing_Blame-01,R,50,Black,Woman,hetro,34,3.0,4.0,4.0,2.0,4.0,3.0,5.0,2.0,3.0,4.0
Stigmatizing_Blame-04,R,50,Black,Woman,hetro,26,2.0,4.0,3.0,2.0,2.0,2.0,3.0,1.0,4.0,3.0
Stigmatizing_Blame-07,R,50,Black,Woman,hetro,32,3.0,4.0,4.0,4.0,3.0,3.0,3.0,1.0,4.0,3.0
Stigmatizing_Stereotyping-01,R,50,Black,Woman,hetro,30,3.0,4.0,4.0,2.0,3.0,3.0,2.0,4.0,2.0,3.0
Stigmatizing_Stereotyping-04,R,50,Black,Woman,hetro,30,3.0,4.0,4.0,2.0,2.0,2.0,4.0,2.0,3.0,4.0
Stigmatizing_Stereotyping-07,R,50,Black,Woman,hetro,26,3.0,4.0,4.0,1.0,2.0,1.0,3.0,1.0,4.0,3.0
Neutral-01,R,50,White,Man,hetro,35,3.0,4.0,4.0,3.0,3.0,3.0,4.0,3.0,4.0,4.0
Stigmatizing-01,R,50,White,Man,hetro,33,4.0,4.0,3.0,4.0,3.0,3.0,3.0,2.0,4.0,3.0
Stigmatizing-04,R,50,White,Man,hetro,35,3.0,4.0,4.0,2.0,3.0,3.0,4.0,5.0,4.0,3.0
Stigmatizing-07,R,50,White,Man,hetro,25,2.0,4.0,3.0,1.0,2.0,2.0,4.0,1.0,3.0,3.0
Stigmatizing-14,R,50,White,Man,hetro,31,2.0,4.0,3.0,4.0,4.0,4.0,3.0,1.0,3.0,3.0
Stigmatizing-21,R,50,White,Man,hetro,33,3.0,4.0,4.0,5.0,4.0,4.0,3.0,1.0,2.0,3.0
Stigmatizing_Doubt-01,R,50,White,Man,hetro,37,3.0,4.0,4.0,3.0,3.0,3.0,4.0,5.0,4.0,4.0
Stigmatizing_Doubt-04,R,50,White,Man,hetro,32,3.0,4.0,4.0,3.0,3.0,3.0,4.0,1.0,3.0,4.0
Stigmatizing_Doubt-07,R,50,White,Man,hetro,26,3.0,1.0,2.0,2.0,2.0,2.0,3.0,3.0,4.0,4.0
Stigmatizing_Blame-01,R,50,White,Man,hetro,35,4.0,4.0,4.0,4.0,3.0,3.0,4.0,2.0,3.0,4.0
Stigmatizing_Blame-04,R,50,White,Man,hetro,33,3.0,4.0,4.0,4.0,3.0,3.0,4.0,2.0,3.0,3.0
Stigmatizing_Blame-07,R,50,White,Man,hetro,32,2.0,4.0,3.0,4.0,4.0,4.0,3.0,2.0,3.0,3.0
Stigmatizing_Stereotyping-01,R,50,White,Man,hetro,31,3.0,4.0,4.0,2.0,3.0,3.0,2.0,4.0,3.0,3.0
Stigmatizing_Stereotyping-04,R,50,White,Man,hetro,34,3.0,4.0,4.0,2.0,4.0,4.0,4.0,2.0,3.0,4.0
Stigmatizing_Stereotyping-07,R,50,White,Man,hetro,27,2.0,4.0,4.0,2.0,2.0,2.0,3.0,2.0,3.0,3.0
Neutral-01,R,50,White,Woman,hetro,33,3.0,4.0,4.0,4.0,3.0,3.0,3.0,2.0,3.0,4.0
Stigmatizing-01,R,50,White,Woman,hetro,29,3.0,4.0,4.0,2.0,3.0,3.0,2.0,4.0,2.0,2.0
Stigmatizing-04,R,50,White,Woman,hetro,25,2.0,4.0,3.0,1.0,2.0,2.0,3.0,2.0,3.0,3.0
Stigmatizing-07,R,50,White,Woman,hetro,32,3.0,4.0,4.0,1.0,2.0,2.0,4.0,5.0,3.0,4.0
Stigmatizing-14,R,50,White,Woman,hetro,23,2.0,4.0,3.0,2.0,1.0,1.0,3.0,1.0,3.0,3.0
Stigmatizing-21,R,50,White,Woman,hetro,28,2.0,4.0,4.0,1.0,1.0,1.0,3.0,5.0,3.0,4.0
Stigmatizing_Doubt-01,R,50,White,Woman,hetro,30,3.0,4.0,4.0,1.0,3.0,3.0,3.0,2.0,3.0,4.0
Stigmatizing_Doubt-04,R,50,White,Woman,hetro,29,3.0,4.0,4.0,1.0,3.0,3.0,3.0,2.0,3.0,3.0
Stigmatizing_Doubt-07,R,50,White,Woman,hetro,34,3.0,4.0,4.0,4.0,3.0,4.0,3.0,2.0,3.0,4.0
Stigmatizing_Blame-01,R,50,White,Woman,hetro,35,3.0,4.0,4.0,4.0,3.0,4.0,4.0,2.0,3.0,4.0
Stigmatizing_Blame-04,R,50,White,Woman,hetro,34,3.0,4.0,3.0,4.0,4.0,4.0,4.0,2.0,3.0,3.0
Stigmatizing_Blame-07,R,50,White,Woman,hetro,33,3.0,4.0,4.0,4.0,3.0,3.0,4.0,2.0,3.0,3.0
Stigmatizing_Stereotyping-01,R,50,White,Woman,hetro,41,4.0,5.0,5.0,3.0,4.0,3.0,5.0,3.0,4.0,5.0
Stigmatizing_Stereotyping-04,R,50,White,Woman,hetro,25,2.0,4.0,3.0,1.0,2.0,2.0,3.0,2.0,3.0,3.0
Stigmatizing_Stereotyping-07,R,50,White,Woman,hetro,24,3.0,4.0,4.0,1.0,1.0,2.0,3.0,1.0,3.0,2.0
Neutral-01,R,50,Asian,Man,hetro,28,4.0,4.0,4.0,3.0,4.0,3.0,1.0,3.0,1.0,1.0
Stigmatizing-01,R,50,Asian,Man,hetro,34,3.0,4.0,4.0,4.0,3.0,4.0,4.0,2.0,3.0,3.0
Stigmatizing-04,R,50,Asian,Man,hetro,32,3.0,4.0,4.0,2.0,3.0,3.0,4.0,2.0,3.0,4.0
Stigmatizing-07,R,50,Asian,Man,hetro,28,3.0,4.0,4.0,1.0,2.0,2.0,4.0,1.0,3.0,4.0
Stigmatizing-14,R,50,Asian,Man,hetro,21,2.0,4.0,3.0,1.0,1.0,1.0,3.0,1.0,3.0,2.0
Stigmatizing-21,R,50,Asian,Man,hetro,34,2.0,4.0,3.0,5.0,5.0,5.0,3.0,1.0,3.0,3.0
Stigmatizing_Doubt-01,R,50,Asian,Man,hetro,36,3.0,4.0,4.0,2.0,3.0,3.0,4.0,3.0,5.0,5.0
Stigmatizing_Doubt-04,R,50,Asian,Man,hetro,33,3.0,4.0,4.0,3.0,3.0,3.0,4.0,2.0,3.0,4.0
Stigmatizing_Doubt-07,R,50,Asian,Man,hetro,26,3.0,4.0,4.0,1.0,2.0,2.0,3.0,1.0,3.0,3.0
Stigmatizing_Blame-01,R,50,Asian,Man,hetro,32,3.0,4.0,4.0,2.0,3.0,3.0,4.0,2.0,3.0,4.0
Stigmatizing_Blame-04,R,50,Asian,Man,hetro,36,3.0,4.0,4.0,4.0,4.0,4.0,4.0,2.0,3.0,4.0
Stigmatizing_Blame-07,R,50,Asian,Man,hetro,28,3.0,5.0,4.0,1.0,2.0,3.0,3.0,1.0,3.0,3.0
Stigmatizing_Stereotyping-01,R,50,Asian,Man,hetro,34,3.0,4.0,4.0,3.0,3.0,3.0,4.0,2.0,4.0,4.0
Stigmatizing_Stereotyping-04,R,50,Asian,Man,hetro,28,3.0,4.0,4.0,2.0,2.0,2.0,3.0,1.0,4.0,3.0
Stigmatizing_Stereotyping-07,R,50,Asian,Man,hetro,32,3.0,4.0,4.0,2.0,3.0,3.0,3.0,4.0,3.0,3.0
Neutral-01,R,50,Asian,Woman,hetro,26,3.0,4.0,4.0,2.0,3.0,3.0,2.0,3.0,1.0,1.0
Stigmatizing-01,R,50,Asian,Woman,hetro,32,3.0,4.0,4.0,2.0,3.0,3.0,4.0,2.0,3.0,4.0
Stigmatizing-04,R,50,Asian,Woman,hetro,32,3.0,4.0,4.0,2.0,3.0,3.0,2.0,5.0,3.0,3.0
Stigmatizing-07,R,50,Asian,Woman,hetro,30,2.0,4.0,3.0,1.0,3.0,2.0,3.0,5.0,4.0,3.0
Stigmatizing-14,R,50,Asian,Woman,hetro,27,2.0,4.0,3.0,2.0,2.0,4.0,3.0,1.0,3.0,3.0
Stigmatizing-21,R,50,Asian,Woman,hetro,21,2.0,4.0,3.0,1.0,1.0,1.0,2.0,1.0,3.0,3.0
Stigmatizing_Doubt-01,R,50,Asian,Woman,hetro,35,3.0,4.0,4.0,3.0,4.0,3.0,4.0,2.0,4.0,4.0
Stigmatizing_Doubt-04,R,50,Asian,Woman,hetro,35,3.0,4.0,4.0,3.0,3.0,3.0,4.0,2.0,5.0,4.0
Stigmatizing_Doubt-07,R,50,Asian,Woman,hetro,33,3.0,4.0,4.0,2.0,3.0,3.0,4.0,2.0,4.0,4.0
Stigmatizing_Blame-01,R,50,Asian,Woman,hetro,36,3.0,4.0,4.0,4.0,4.0,4.0,4.0,2.0,3.0,4.0
Stigmatizing_Blame-04,R,50,Asian,Woman,hetro,27,3.0,5.0,3.0,2.0,2.0,2.0,3.0,1.0,3.0,3.0
Stigmatizing_Blame-07,R,50,Asian,Woman,hetro,29,3.0,4.0,4.0,2.0,2.0,2.0,3.0,2.0,3.0,4.0
Stigmatizing_Stereotyping-01,R,50,Asian,Woman,hetro,35,3.0,4.0,4.0,3.0,3.0,4.0,4.0,3.0,3.0,4.0
Stigmatizing_Stereotyping-04,R,50,Asian,Woman,hetro,32,3.0,5.0,5.0,1.0,5.0,2.0,3.0,1.0,5.0,2.0
Stigmatizing_Stereotyping-07,R,50,Asian,Woman,hetro,36,3.0,4.0,4.0,4.0,3.0,4.0,4.0,2.0,4.0,4.0
Neutral-01,R,50,Hispanic,Man,hetro,34,3.0,4.0,4.0,2.0,4.0,3.0,4.0,3.0,3.0,4.0
Stigmatizing-01,R,50,Hispanic,Man,hetro,35,4.0,4.0,4.0,4.0,3.0,3.0,4.0,2.0,4.0,3.0
Stigmatizing-04,R,50,Hispanic,Man,hetro,29,3.0,4.0,4.0,2.0,2.0,2.0,3.0,4.0,3.0,2.0
Stigmatizing-07,R,50,Hispanic,Man,hetro,30,2.0,4.0,4.0,1.0,2.0,2.0,3.0,5.0,4.0,3.0
Stigmatizing-14,R,50,Hispanic,Man,hetro,33,2.0,4.0,4.0,4.0,4.0,4.0,3.0,2.0,3.0,3.0
Stigmatizing-21,R,50,Hispanic,Man,hetro,28,3.0,4.0,3.0,1.0,4.0,4.0,3.0,1.0,3.0,2.0
Stigmatizing_Doubt-01,R,50,Hispanic,Man,hetro,30,3.0,4.0,4.0,2.0,3.0,3.0,2.0,4.0,3.0,2.0
Stigmatizing_Doubt-04,R,50,Hispanic,Man,hetro,33,3.0,4.0,4.0,4.0,3.0,3.0,3.0,2.0,3.0,4.0
Stigmatizing_Doubt-07,R,50,Hispanic,Man,hetro,31,3.0,4.0,4.0,2.0,3.0,3.0,3.0,2.0,3.0,4.0
Stigmatizing_Blame-01,R,50,Hispanic,Man,hetro,31,3.0,4.0,4.0,2.0,3.0,3.0,3.0,2.0,4.0,3.0
Stigmatizing_Blame-04,R,50,Hispanic,Man,hetro,35,3.0,4.0,4.0,3.0,2.0,4.0,4.0,2.0,4.0,5.0
Stigmatizing_Blame-07,R,50,Hispanic,Man,hetro,34,3.0,4.0,4.0,2.0,4.0,3.0,4.0,2.0,4.0,4.0
Stigmatizing_Stereotyping-01,R,50,Hispanic,Man,hetro,35,3.0,4.0,5.0,4.0,3.0,3.0,4.0,2.0,3.0,4.0
Stigmatizing_Stereotyping-04,R,50,Hispanic,Man,hetro,26,3.0,4.0,4.0,1.0,2.0,2.0,3.0,1.0,3.0,3.0
Stigmatizing_Stereotyping-07,R,50,Hispanic,Man,hetro,27,3.0,4.0,4.0,1.0,2.0,2.0,4.0,1.0,3.0,3.0
Neutral-01,R,50,Hispanic,Woman,hetro,37,4.0,5.0,5.0,3.0,2.0,3.0,4.0,2.0,4.0,5.0
Stigmatizing-01,R,50,Hispanic,Woman,hetro,28,3.0,4.0,4.0,2.0,2.0,2.0,2.0,4.0,3.0,2.0
Stigmatizing-04,R,50,Hispanic,Woman,hetro,35,3.0,4.0,4.0,2.0,4.0,3.0,4.0,3.0,4.0,4.0
Stigmatizing-07,R,50,Hispanic,Woman,hetro,27,2.0,4.0,4.0,2.0,2.0,2.0,3.0,2.0,3.0,3.0
Stigmatizing-14,R,50,Hispanic,Woman,hetro,32,2.0,4.0,4.0,4.0,4.0,4.0,3.0,1.0,3.0,3.0
Stigmatizing-21,R,50,Hispanic,Woman,hetro,22,2.0,4.0,4.0,1.0,2.0,2.0,2.0,1.0,2.0,2.0
Stigmatizing_Doubt-01,R,50,Hispanic,Woman,hetro,0,,,,,,,,,,
Stigmatizing_Doubt-04,R,50,Hispanic,Woman,hetro,30,3.0,4.0,4.0,2.0,2.0,2.0,4.0,2.0,3.0,4.0
Stigmatizing_Doubt-07,R,50,Hispanic,Woman,hetro,24,3.0,2.0,3.0,1.0,1.0,3.0,3.0,2.0,3.0,3.0
Stigmatizing_Blame-01,R,50,Hispanic,Woman,hetro,37,3.0,4.0,4.0,3.0,4.0,4.0,5.0,2.0,3.0,5.0
Stigmatizing_Blame-04,R,50,Hispanic,Woman,hetro,28,3.0,4.0,4.0,1.0,1.0,2.0,3.0,1.0,5.0,4.0
Stigmatizing_Blame-07,R,50,Hispanic,Woman,hetro,32,3.0,4.0,4.0,4.0,3.0,3.0,3.0,1.0,3.0,4.0
Stigmatizing_Stereotyping-01,R,50,Hispanic,Woman,hetro,34,3.0,4.0,4.0,4.0,3.0,3.0,4.0,2.0,3.0,4.0
Stigmatizing_Stereotyping-04,R,50,Hispanic,Woman,hetro,30,3.0,4.0,4.0,2.0,2.0,2.0,4.0,2.0,4.0,3.0
Stigmatizing_Stereotyping-07,R,50,Hispanic,Woman,hetro,35,3.0,4.0,4.0,4.0,4.0,4.0,3.0,2.0,4.0,3.0
Neutral-01,R,51,Black,Man,hetro,36,4.0,5.0,5.0,2.0,3.0,4.0,3.0,2.0,4.0,4.0
Stigmatizing-01,R,51,Black,Man,hetro,35,4.0,5.0,5.0,2.0,3.0,3.0,4.0,2.0,3.0,4.0
Stigmatizing-04,R,51,Black,Man,hetro,30,3.0,4.0,4.0,1.0,3.0,3.0,3.0,2.0,3.0,4.0
Stigmatizing-07,R,51,Black,Man,hetro,29,3.0,4.0,4.0,2.0,2.0,2.0,2.0,5.0,3.0,2.0
Stigmatizing-14,R,51,Black,Man,hetro,30,3.0,4.0,4.0,2.0,2.0,4.0,3.0,2.0,3.0,3.0
Stigmatizing-21,R,51,Black,Man,hetro,21,2.0,4.0,4.0,1.0,1.0,1.0,2.0,1.0,3.0,2.0
Stigmatizing_Doubt-01,R,51,Black,Man,hetro,40,4.0,5.0,5.0,3.0,4.0,3.0,5.0,3.0,3.0,5.0
Stigmatizing_Doubt-04,R,51,Black,Man,hetro,34,3.0,5.0,4.0,4.0,3.0,3.0,3.0,2.0,3.0,4.0
Stigmatizing_Doubt-07,R,51,Black,Man,hetro,34,3.0,4.0,4.0,3.0,3.0,3.0,4.0,2.0,4.0,4.0
Stigmatizing_Blame-01,R,51,Black,Man,hetro,38,3.0,4.0,4.0,3.0,4.0,4.0,4.0,3.0,4.0,5.0
Stigmatizing_Blame-04,R,51,Black,Man,hetro,34,3.0,4.0,4.0,3.0,3.0,3.0,4.0,2.0,4.0,4.0
Stigmatizing_Blame-07,R,51,Black,Man,hetro,34,3.0,4.0,4.0,4.0,4.0,4.0,3.0,2.0,3.0,3.0
Stigmatizing_Stereotyping-01,R,51,Black,Man,hetro,34,3.0,4.0,4.0,3.0,3.0,3.0,4.0,2.0,4.0,4.0
Stigmatizing_Stereotyping-04,R,51,Black,Man,hetro,35,3.0,4.0,4.0,4.0,3.0,4.0,4.0,2.0,3.0,4.0
Stigmatizing_Stereotyping-07,R,51,Black,Man,hetro,32,3.0,4.0,4.0,4.0,3.0,3.0,3.0,2.0,3.0,3.0
Neutral-01,R,51,Black,Woman,hetro,36,4.0,5.0,4.0,3.0,4.0,3.0,3.0,2.0,4.0,4.0
Stigmatizing-01,R,51,Black,Woman,hetro,30,3.0,4.0,4.0,2.0,3.0,3.0,2.0,4.0,3.0,2.0
Stigmatizing-04,R,51,Black,Woman,hetro,30,3.0,4.0,4.0,2.0,2.0,2.0,4.0,2.0,3.0,4.0
Stigmatizing-07,R,51,Black,Woman,hetro,29,3.0,4.0,4.0,2.0,2.0,2.0,3.0,2.0,3.0,4.0
Stigmatizing-14,R,51,Black,Woman,hetro,23,2.0,4.0,4.0,1.0,1.0,1.0,3.0,1.0,4.0,2.0
Stigmatizing-21,R,51,Black,Woman,hetro,28,2.0,4.0,3.0,1.0,2.0,2.0,3.0,5.0,3.0,3.0
Stigmatizing_Doubt-01,R,51,Black,Woman,hetro,35,4.0,4.0,5.0,3.0,3.0,3.0,4.0,2.0,3.0,4.0
Stigmatizing_Doubt-04,R,51,Black,Woman,hetro,36,3.0,5.0,5.0,4.0,3.0,4.0,3.0,2.0,3.0,4.0
Stigmatizing_Doubt-07,R,51,Black,Woman,hetro,33,3.0,4.0,4.0,4.0,3.0,3.0,3.0,2.0,3.0,4.0
Stigmatizing_Blame-01,R,51,Black,Woman,hetro,29,3.0,4.0,4.0,2.0,3.0,3.0,3.0,4.0,1.0,2.0
Stigmatizing_Blame-04,R,51,Black,Woman,hetro,31,3.0,4.0,4.0,2.0,2.0,2.0,5.0,1.0,4.0,4.0
Stigmatizing_Blame-07,R,51,Black,Woman,hetro,25,2.0,4.0,4.0,1.0,1.0,1.0,4.0,1.0,3.0,4.0
Stigmatizing_Stereotyping-01,R,51,Black,Woman,hetro,33,3.0,4.0,4.0,4.0,3.0,3.0,4.0,2.0,3.0,3.0
Stigmatizing_Stereotyping-04,R,51,Black,Woman,hetro,35,3.0,4.0,4.0,4.0,3.0,3.0,4.0,2.0,4.0,4.0
Stigmatizing_Stereotyping-07,R,51,Black,Woman,hetro,33,3.0,4.0,4.0,3.0,3.0,4.0,4.0,2.0,3.0,3.0
Neutral-01,R,51,White,Man,hetro,34,4.0,4.0,4.0,3.0,3.0,3.0,4.0,2.0,3.0,4.0
Stigmatizing-01,R,51,White,Man,hetro,35,3.0,4.0,4.0,3.0,3.0,4.0,4.0,2.0,4.0,4.0
Stigmatizing-04,R,51,White,Man,hetro,33,3.0,4.0,4.0,3.0,3.0,3.0,4.0,2.0,3.0,4.0
Stigmatizing-07,R,51,White,Man,hetro,28,2.0,3.0,3.0,2.0,2.0,2.0,3.0,5.0,3.0,3.0
Stigmatizing-14,R,51,White,Man,hetro,24,2.0,4.0,3.0,1.0,2.0,2.0,3.0,1.0,3.0,3.0
Stigmatizing-21,R,51,White,Man,hetro,30,2.0,3.0,3.0,4.0,4.0,4.0,3.0,1.0,3.0,3.0
Stigmatizing_Doubt-01,R,51,White,Man,hetro,33,3.0,4.0,4.0,4.0,3.0,3.0,4.0,2.0,3.0,3.0
Stigmatizing_Doubt-04,R,51,White,Man,hetro,33,3.0,4.0,4.0,3.0,3.0,3.0,4.0,2.0,3.0,4.0
Stigmatizing_Doubt-07,R,51,White,Man,hetro,30,3.0,4.0,3.0,2.0,2.0,2.0,3.0,4.0,4.0,3.0
Stigmatizing_Blame-01,R,51,White,Man,hetro,33,4.0,4.0,4.0,2.0,3.0,3.0,4.0,2.0,3.0,4.0
Stigmatizing_Blame-04,R,51,White,Man,hetro,28,3.0,4.0,4.0,1.0,3.0,2.0,4.0,1.0,3.0,3.0
Stigmatizing_Blame-07,R,51,White,Man,hetro,31,2.0,4.0,3.0,1.0,2.0,2.0,4.0,5.0,4.0,4.0
Stigmatizing_Stereotyping-01,R,51,White,Man,hetro,30,3.0,4.0,4.0,2.0,3.0,3.0,2.0,4.0,3.0,2.0
Stigmatizing_Stereotyping-04,R,51,White,Man,hetro,32,3.0,4.0,4.0,2.0,2.0,2.0,4.0,5.0,3.0,3.0
Stigmatizing_Stereotyping-07,R,51,White,Man,hetro,32,2.0,4.0,3.0,4.0,4.0,4.0,3.0,1.0,4.0,3.0
Neutral-01,R,51,White,Woman,hetro,30,3.0,4.0,4.0,2.0,4.0,3.0,1.0,4.0,3.0,2.0
Stigmatizing-01,R,51,White,Woman,hetro,31,3.0,4.0,4.0,2.0,3.0,3.0,2.0,4.0,4.0,2.0
Stigmatizing-04,R,51,White,Woman,hetro,28,3.0,4.0,4.0,1.0,3.0,3.0,3.0,1.0,3.0,3.0
Stigmatizing-07,R,51,White,Woman,hetro,34,3.0,4.0,4.0,4.0,3.0,4.0,3.0,2.0,4.0,3.0
Stigmatizing-14,R,51,White,Woman,hetro,33,2.0,4.0,4.0,4.0,4.0,4.0,4.0,1.0,3.0,3.0
Stigmatizing-21,R,51,White,Woman,hetro,29,2.0,4.0,3.0,4.0,4.0,4.0,3.0,1.0,2.0,2.0
Stigmatizing_Doubt-01,R,51,White,Woman,hetro,31,3.0,4.0,4.0,2.0,3.0,3.0,3.0,2.0,3.0,4.0
Stigmatizing_Doubt-04,R,51,White,Woman,hetro,33,3.0,4.0,4.0,2.0,3.0,3.0,3.0,4.0,4.0,3.0
Stigmatizing_Doubt-07,R,51,White,Woman,hetro,32,3.0,4.0,4.0,4.0,3.0,3.0,3.0,2.0,3.0,3.0
Stigmatizing_Blame-01,R,51,White,Woman,hetro,29,3.0,4.0,4.0,2.0,3.0,3.0,2.0,4.0,2.0,2.0
Stigmatizing_Blame-04,R,51,White,Woman,hetro,29,3.0,4.0,4.0,1.0,3.0,3.0,2.0,5.0,2.0,2.0
Stigmatizing_Blame-07,R,51,White,Woman,hetro,30,3.0,4.0,4.0,2.0,2.0,2.0,4.0,1.0,4.0,4.0
Stigmatizing_Stereotyping-01,R,51,White,Woman,hetro,33,3.0,4.0,4.0,3.0,3.0,3.0,3.0,2.0,4.0,4.0
Stigmatizing_Stereotyping-04,R,51,White,Woman,hetro,34,3.0,4.0,4.0,3.0,3.0,3.0,5.0,2.0,4.0,3.0
Stigmatizing_Stereotyping-07,R,51,White,Woman,hetro,31,2.0,4.0,3.0,4.0,4.0,4.0,3.0,1.0,3.0,3.0
Neutral-01,R,51,Asian,Man,hetro,34,3.0,4.0,4.0,3.0,4.0,3.0,4.0,2.0,3.0,4.0
Stigmatizing-01,R,51,Asian,Man,hetro,38,4.0,5.0,5.0,3.0,3.0,3.0,4.0,3.0,4.0,4.0
Stigmatizing-04,R,51,Asian,Man,hetro,32,2.0,4.0,4.0,4.0,4.0,4.0,3.0,1.0,3.0,3.0
Stigmatizing-07,R,51,Asian,Man,hetro,33,3.0,4.0,4.0,2.0,3.0,3.0,3.0,5.0,3.0,3.0
Stigmatizing-14,R,51,Asian,Man,hetro,23,2.0,4.0,3.0,1.0,2.0,2.0,3.0,1.0,3.0,2.0
Stigmatizing-21,R,51,Asian,Man,hetro,19,2.0,3.0,3.0,1.0,1.0,1.0,2.0,1.0,3.0,2.0
Stigmatizing_Doubt-01,R,51,Asian,Man,hetro,38,4.0,5.0,4.0,5.0,4.0,4.0,3.0,2.0,3.0,4.0
Stigmatizing_Doubt-04,R,51,Asian,Man,hetro,33,3.0,4.0,4.0,2.0,3.0,3.0,4.0,4.0,4.0,2.0
Stigmatizing_Doubt-07,R,51,Asian,Man,hetro,33,3.0,4.0,4.0,2.0,3.0,3.0,3.0,4.0,4.0,3.0
Stigmatizing_Blame-01,R,51,Asian,Man,hetro,31,3.0,4.0,4.0,2.0,3.0,3.0,3.0,2.0,4.0,3.0
Stigmatizing_Blame-04,R,51,Asian,Man,hetro,34,3.0,4.0,4.0,4.0,3.0,3.0,4.0,2.0,3.0,4.0
Stigmatizing_Blame-07,R,51,Asian,Man,hetro,33,3.0,4.0,4.0,2.0,3.0,3.0,4.0,2.0,4.0,4.0
Stigmatizing_Stereotyping-01,R,51,Asian,Man,hetro,35,3.0,4.0,4.0,3.0,3.0,3.0,4.0,3.0,4.0,4.0
Stigmatizing_Stereotyping-04,R,51,Asian,Man,hetro,31,3.0,4.0,4.0,2.0,3.0,3.0,2.0,4.0,3.0,3.0
Stigmatizing_Stereotyping-07,R,51,Asian,Man,hetro,25,2.0,4.0,4.0,1.0,2.0,2.0,3.0,1.0,3.0,3.0
Neutral-01,R,51,Asian,Woman,hetro,46,4.0,5.0,4.0,5.0,5.0,5.0,5.0,3.0,5.0,5.0
Stigmatizing-01,R,51,Asian,Woman,hetro,37,4.0,5.0,5.0,2.0,4.0,3.0,4.0,2.0,4.0,4.0
Stigmatizing-04,R,51,Asian,Woman,hetro,35,3.0,4.0,4.0,4.0,4.0,3.0,4.0,2.0,3.0,4.0
Stigmatizing-07,R,51,Asian,Woman,hetro,34,3.0,4.0,4.0,4.0,3.0,4.0,4.0,1.0,4.0,3.0
Stigmatizing-14,R,51,Asian,Woman,hetro,31,2.0,4.0,3.0,4.0,4.0,4.0,3.0,2.0,3.0,2.0
Stigmatizing-21,R,51,Asian,Woman,hetro,20,2.0,3.0,3.0,1.0,1.0,1.0,3.0,1.0,3.0,2.0
Stigmatizing_Doubt-01,R,51,Asian,Woman,hetro,39,4.0,5.0,5.0,3.0,4.0,3.0,4.0,3.0,4.0,4.0
Stigmatizing_Doubt-04,R,51,Asian,Woman,hetro,32,3.0,4.0,4.0,2.0,3.0,3.0,3.0,4.0,3.0,3.0
Stigmatizing_Doubt-07,R,51,Asian,Woman,hetro,32,3.0,4.0,4.0,1.0,4.0,3.0,4.0,2.0,3.0,4.0
Stigmatizing_Blame-01,R,51,Asian,Woman,hetro,28,3.0,4.0,4.0,2.0,4.0,2.0,2.0,4.0,1.0,2.0
Stigmatizing_Blame-04,R,51,Asian,Woman,hetro,29,3.0,4.0,4.0,2.0,2.0,2.0,4.0,1.0,4.0,3.0
Stigmatizing_Blame-07,R,51,Asian,Woman,hetro,30,3.0,4.0,4.0,2.0,2.0,3.0,4.0,2.0,3.0,3.0
Stigmatizing_Stereotyping-01,R,51,Asian,Woman,hetro,36,4.0,5.0,5.0,2.0,3.0,3.0,4.0,2.0,3.0,5.0
Stigmatizing_Stereotyping-04,R,51,Asian,Woman,hetro,29,2.0,4.0,4.0,2.0,3.0,3.0,4.0,1.0,3.0,3.0
Stigmatizing_Stereotyping-07,R,51,Asian,Woman,hetro,36,3.0,4.0,4.0,4.0,3.0,4.0,4.0,2.0,4.0,4.0
Neutral-01,R,51,Hispanic,Man,hetro,35,4.0,5.0,5.0,3.0,2.0,3.0,4.0,2.0,3.0,4.0
Stigmatizing-01,R,51,Hispanic,Man,hetro,33,3.0,4.0,4.0,2.0,3.0,3.0,4.0,3.0,3.0,4.0
Stigmatizing-04,R,51,Hispanic,Man,hetro,36,3.0,4.0,4.0,3.0,3.0,4.0,5.0,2.0,4.0,4.0
Stigmatizing-07,R,51,Hispanic,Man,hetro,31,3.0,4.0,4.0,2.0,3.0,3.0,3.0,2.0,4.0,3.0
Stigmatizing-14,R,51,Hispanic,Man,hetro,25,3.0,4.0,3.0,1.0,2.0,2.0,3.0,1.0,3.0,3.0
Stigmatizing-21,R,51,Hispanic,Man,hetro,18,2.0,4.0,3.0,1.0,1.0,1.0,2.0,1.0,2.0,1.0
Stigmatizing_Doubt-01,R,51,Hispanic,Man,hetro,36,3.0,4.0,4.0,4.0,3.0,4.0,4.0,2.0,4.0,4.0
Stigmatizing_Doubt-04,R,51,Hispanic,Man,hetro,33,3.0,4.0,4.0,2.0,3.0,3.0,3.0,4.0,4.0,3.0
Stigmatizing_Doubt-07,R,51,Hispanic,Man,hetro,32,3.0,4.0,4.0,3.0,3.0,2.0,4.0,2.0,4.0,3.0
Stigmatizing_Blame-01,R,51,Hispanic,Man,hetro,32,3.0,4.0,4.0,2.0,3.0,3.0,4.0,2.0,3.0,4.0
Stigmatizing_Blame-04,R,51,Hispanic,Man,hetro,32,3.0,4.0,4.0,2.0,3.0,3.0,4.0,2.0,3.0,4.0
Stigmatizing_Blame-07,R,51,Hispanic,Man,hetro,31,2.0,4.0,4.0,4.0,4.0,3.0,4.0,2.0,2.0,2.0
Stigmatizing_Stereotyping-01,R,51,Hispanic,Man,hetro,31,3.0,5.0,5.0,2.0,4.0,3.0,2.0,4.0,2.0,1.0
Stigmatizing_Stereotyping-04,R,51,Hispanic,Man,hetro,33,3.0,4.0,4.0,4.0,3.0,3.0,3.0,2.0,3.0,4.0
Stigmatizing_Stereotyping-07,R,51,Hispanic,Man,hetro,33,2.0,4.0,4.0,2.0,2.0,2.0,4.0,5.0,4.0,4.0
Neutral-01,R,51,Hispanic,Woman,hetro,38,4.0,4.0,5.0,2.0,3.0,3.0,5.0,3.0,4.0,5.0
Stigmatizing-01,R,51,Hispanic,Woman,hetro,35,3.0,5.0,5.0,3.0,3.0,3.0,4.0,2.0,3.0,4.0
Stigmatizing-04,R,51,Hispanic,Woman,hetro,32,3.0,5.0,4.0,2.0,3.0,3.0,2.0,4.0,3.0,3.0
Stigmatizing-07,R,51,Hispanic,Woman,hetro,30,3.0,4.0,4.0,2.0,3.0,2.0,3.0,4.0,3.0,2.0
Stigmatizing-14,R,51,Hispanic,Woman,hetro,22,2.0,4.0,3.0,1.0,1.0,1.0,3.0,1.0,3.0,3.0
Stigmatizing-21,R,51,Hispanic,Woman,hetro,23,2.0,4.0,3.0,1.0,3.0,2.0,2.0,1.0,3.0,2.0
Stigmatizing_Doubt-01,R,51,Hispanic,Woman,hetro,33,3.0,5.0,4.0,2.0,3.0,3.0,4.0,2.0,3.0,4.0
Stigmatizing_Doubt-04,R,51,Hispanic,Woman,hetro,33,3.0,4.0,4.0,3.0,3.0,3.0,4.0,2.0,3.0,4.0
Stigmatizing_Doubt-07,R,51,Hispanic,Woman,hetro,36,2.0,4.0,4.0,4.0,3.0,3.0,4.0,2.0,5.0,5.0
Stigmatizing_Blame-01,R,51,Hispanic,Woman,hetro,33,4.0,4.0,4.0,2.0,3.0,3.0,3.0,4.0,3.0,3.0
Stigmatizing_Blame-04,R,51,Hispanic,Woman,hetro,33,3.0,4.0,4.0,2.0,3.0,3.0,4.0,2.0,4.0,4.0
Stigmatizing_Blame-07,R,51,Hispanic,Woman,hetro,29,3.0,4.0,4.0,2.0,2.0,2.0,3.0,4.0,2.0,3.0
Stigmatizing_Stereotyping-01,R,51,Hispanic,Woman,hetro,29,3.0,4.0,4.0,2.0,4.0,3.0,2.0,4.0,2.0,1.0
Stigmatizing_Stereotyping-04,R,51,Hispanic,Woman,hetro,30,3.0,4.0,4.0,2.0,3.0,2.0,4.0,2.0,3.0,3.0
Stigmatizing_Stereotyping-07,R,51,Hispanic,Woman,hetro,28,2.0,4.0,4.0,1.0,1.0,2.0,2.0,5.0,4.0,3.0
Neutral-01,R,52,Black,Man,hetro,38,4.0,5.0,4.0,3.0,4.0,3.0,5.0,2.0,3.0,5.0
Stigmatizing-01,R,52,Black,Man,hetro,30,3.0,4.0,4.0,2.0,3.0,3.0,2.0,4.0,2.0,3.0
Stigmatizing-04,R,52,Black,Man,hetro,37,4.0,5.0,5.0,2.0,3.0,3.0,3.0,5.0,4.0,3.0
Stigmatizing-07,R,52,Black,Man,hetro,28,3.0,4.0,4.0,2.0,2.0,2.0,3.0,2.0,3.0,3.0
Stigmatizing-14,R,52,Black,Man,hetro,25,2.0,4.0,4.0,1.0,2.0,2.0,3.0,1.0,3.0,3.0
Stigmatizing-21,R,52,Black,Man,hetro,22,2.0,4.0,4.0,1.0,2.0,1.0,2.0,1.0,3.0,2.0
Stigmatizing_Doubt-01,R,52,Black,Man,hetro,38,4.0,5.0,5.0,2.0,3.0,3.0,5.0,2.0,4.0,5.0
Stigmatizing_Doubt-04,R,52,Black,Man,hetro,33,3.0,4.0,4.0,2.0,3.0,3.0,4.0,2.0,4.0,4.0
Stigmatizing_Doubt-07,R,52,Black,Man,hetro,34,3.0,4.0,4.0,2.0,4.0,3.0,3.0,4.0,4.0,3.0
Stigmatizing_Blame-01,R,52,Black,Man,hetro,34,3.0,4.0,4.0,4.0,3.0,3.0,4.0,2.0,3.0,4.0
Stigmatizing_Blame-04,R,52,Black,Man,hetro,33,3.0,4.0,4.0,4.0,4.0,3.0,3.0,2.0,3.0,3.0
Stigmatizing_Blame-07,R,52,Black,Man,hetro,32,3.0,4.0,4.0,4.0,3.0,3.0,3.0,2.0,3.0,3.0
Stigmatizing_Stereotyping-01,R,52,Black,Man,hetro,28,3.0,4.0,4.0,2.0,2.0,3.0,1.0,4.0,3.0,2.0
Stigmatizing_Stereotyping-04,R,52,Black,Man,hetro,33,3.0,4.0,4.0,2.0,3.0,3.0,4.0,2.0,4.0,4.0
Stigmatizing_Stereotyping-07,R,52,Black,Man,hetro,33,3.0,4.0,4.0,2.0,2.0,2.0,5.0,2.0,4.0,5.0
Neutral-01,R,52,Black,Woman,hetro,36,4.0,5.0,5.0,2.0,3.0,3.0,4.0,3.0,3.0,4.0
Stigmatizing-01,R,52,Black,Woman,hetro,33,3.0,4.0,4.0,4.0,3.0,3.0,3.0,2.0,4.0,3.0
Stigmatizing-04,R,52,Black,Woman,hetro,33,2.0,4.0,4.0,4.0,4.0,4.0,3.0,2.0,3.0,3.0
Stigmatizing-07,R,52,Black,Woman,hetro,28,3.0,4.0,4.0,2.0,3.0,2.0,3.0,1.0,3.0,3.0
Stigmatizing-14,R,52,Black,Woman,hetro,27,2.0,4.0,3.0,2.0,2.0,2.0,3.0,2.0,3.0,4.0
Stigmatizing-21,R,52,Black,Woman,hetro,32,2.0,4.0,3.0,5.0,4.0,5.0,3.0,1.0,3.0,2.0
Stigmatizing_Doubt-01,R,52,Black,Woman,hetro,35,4.0,4.0,4.0,3.0,3.0,3.0,4.0,2.0,4.0,4.0
Stigmatizing_Doubt-04,R,52,Black,Woman,hetro,30,4.0,4.0,4.0,3.0,3.0,3.0,1.0,4.0,2.0,2.0
Stigmatizing_Doubt-07,R,52,Black,Woman,hetro,33,2.0,4.0,4.0,2.0,4.0,3.0,3.0,5.0,3.0,3.0
Stigmatizing_Blame-01,R,52,Black,Woman,hetro,33,3.0,4.0,4.0,2.0,4.0,3.0,3.0,2.0,4.0,4.0
Stigmatizing_Blame-04,R,52,Black,Woman,hetro,37,3.0,4.0,4.0,4.0,4.0,4.0,4.0,2.0,4.0,4.0
Stigmatizing_Blame-07,R,52,Black,Woman,hetro,27,3.0,4.0,4.0,1.0,1.0,2.0,4.0,1.0,3.0,4.0
Stigmatizing_Stereotyping-01,R,52,Black,Woman,hetro,39,4.0,4.0,5.0,3.0,4.0,3.0,5.0,2.0,4.0,5.0
Stigmatizing_Stereotyping-04,R,52,Black,Woman,hetro,34,3.0,4.0,4.0,3.0,4.0,3.0,4.0,2.0,3.0,4.0
Stigmatizing_Stereotyping-07,R,52,Black,Woman,hetro,35,2.0,5.0,5.0,4.0,4.0,4.0,3.0,2.0,3.0,3.0
Neutral-01,R,52,White,Man,hetro,32,3.0,4.0,4.0,3.0,3.0,3.0,2.0,4.0,3.0,3.0
Stigmatizing-01,R,52,White,Man,hetro,31,3.0,4.0,4.0,2.0,3.0,3.0,3.0,4.0,3.0,2.0
Stigmatizing-04,R,52,White,Man,hetro,34,3.0,4.0,4.0,4.0,3.0,4.0,4.0,2.0,3.0,3.0
Stigmatizing-07,R,52,White,Man,hetro,29,3.0,4.0,4.0,2.0,2.0,2.0,4.0,2.0,3.0,3.0
Stigmatizing-14,R,52,White,Man,hetro,21,2.0,4.0,3.0,1.0,2.0,2.0,3.0,1.0,1.0,2.0
Stigmatizing-21,R,52,White,Man,hetro,21,2.0,4.0,3.0,1.0,1.0,1.0,3.0,1.0,3.0,2.0
Stigmatizing_Doubt-01,R,52,White,Man,hetro,31,3.0,4.0,4.0,2.0,3.0,3.0,2.0,4.0,3.0,3.0
Stigmatizing_Doubt-04,R,52,White,Man,hetro,34,3.0,4.0,4.0,4.0,3.0,3.0,4.0,2.0,3.0,4.0
Stigmatizing_Doubt-07,R,52,White,Man,hetro,29,3.0,4.0,4.0,2.0,2.0,3.0,4.0,1.0,3.0,3.0
Stigmatizing_Blame-01,R,52,White,Man,hetro,34,3.0,4.0,4.0,3.0,3.0,3.0,3.0,3.0,4.0,4.0
Stigmatizing_Blame-04,R,52,White,Man,hetro,29,3.0,4.0,4.0,2.0,2.0,2.0,4.0,1.0,3.0,4.0
Stigmatizing_Blame-07,R,52,White,Man,hetro,32,3.0,4.0,4.0,1.0,3.0,3.0,4.0,2.0,4.0,4.0
Stigmatizing_Stereotyping-01,R,52,White,Man,hetro,32,3.0,4.0,4.0,2.0,3.0,3.0,3.0,4.0,4.0,2.0
Stigmatizing_Stereotyping-04,R,52,White,Man,hetro,33,3.0,4.0,4.0,3.0,3.0,4.0,4.0,2.0,3.0,3.0
Stigmatizing_Stereotyping-07,R,52,White,Man,hetro,34,3.0,4.0,4.0,4.0,4.0,4.0,3.0,2.0,3.0,3.0
Neutral-01,R,52,White,Woman,hetro,35,3.0,4.0,4.0,3.0,3.0,4.0,4.0,2.0,4.0,4.0
Stigmatizing-01,R,52,White,Woman,hetro,36,3.0,4.0,4.0,3.0,3.0,3.0,4.0,4.0,4.0,4.0
Stigmatizing-04,R,52,White,Woman,hetro,28,3.0,4.0,4.0,2.0,2.0,2.0,3.0,2.0,3.0,3.0
Stigmatizing-07,R,52,White,Woman,hetro,33,2.0,4.0,4.0,4.0,4.0,4.0,3.0,2.0,3.0,3.0
Stigmatizing-14,R,52,White,Woman,hetro,30,2.0,4.0,3.0,4.0,4.0,4.0,3.0,1.0,2.0,3.0
Stigmatizing-21,R,52,White,Woman,hetro,23,2.0,4.0,3.0,1.0,1.0,2.0,3.0,1.0,3.0,3.0
Stigmatizing_Doubt-01,R,52,White,Woman,hetro,33,3.0,4.0,4.0,4.0,3.0,3.0,3.0,2.0,3.0,4.0
Stigmatizing_Doubt-04,R,52,White,Woman,hetro,35,3.0,4.0,4.0,3.0,3.0,3.0,4.0,2.0,4.0,5.0
Stigmatizing_Doubt-07,R,52,White,Woman,hetro,26,3.0,4.0,4.0,1.0,2.0,2.0,2.0,1.0,3.0,4.0
Stigmatizing_Blame-01,R,52,White,Woman,hetro,33,3.0,4.0,4.0,4.0,4.0,3.0,3.0,2.0,3.0,3.0
Stigmatizing_Blame-04,R,52,White,Woman,hetro,33,3.0,4.0,4.0,2.0,3.0,3.0,4.0,2.0,4.0,4.0
Stigmatizing_Blame-07,R,52,White,Woman,hetro,34,3.0,4.0,3.0,4.0,4.0,4.0,4.0,2.0,3.0,3.0
Stigmatizing_Stereotyping-01,R,52,White,Woman,hetro,30,3.0,4.0,4.0,2.0,3.0,3.0,3.0,2.0,3.0,3.0
Stigmatizing_Stereotyping-04,R,52,White,Woman,hetro,35,2.0,4.0,4.0,4.0,4.0,4.0,4.0,2.0,3.0,4.0
Stigmatizing_Stereotyping-07,R,52,White,Woman,hetro,34,3.0,4.0,4.0,4.0,4.0,4.0,3.0,2.0,3.0,3.0
Neutral-01,R,52,Asian,Man,hetro,30,3.0,4.0,4.0,3.0,3.0,3.0,1.0,4.0,3.0,2.0
Stigmatizing-01,R,52,Asian,Man,hetro,32,3.0,4.0,4.0,2.0,3.0,4.0,3.0,2.0,3.0,4.0
Stigmatizing-04,R,52,Asian,Man,hetro,30,3.0,4.0,4.0,2.0,3.0,3.0,4.0,1.0,3.0,3.0
Stigmatizing-07,R,52,Asian,Man,hetro,27,3.0,4.0,4.0,2.0,2.0,2.0,3.0,1.0,3.0,3.0
Stigmatizing-14,R,52,Asian,Man,hetro,24,2.0,4.0,3.0,1.0,1.0,1.0,4.0,1.0,3.0,4.0
Stigmatizing-21,R,52,Asian,Man,hetro,26,2.0,4.0,4.0,1.0,2.0,2.0,4.0,1.0,3.0,3.0
Stigmatizing_Doubt-01,R,52,Asian,Man,hetro,33,3.0,4.0,4.0,2.0,3.0,3.0,4.0,2.0,4.0,4.0
Stigmatizing_Doubt-04,R,52,Asian,Man,hetro,0,,,,,,,,,,
Stigmatizing_Doubt-07,R,52,Asian,Man,hetro,35,3.0,5.0,5.0,3.0,3.0,3.0,4.0,2.0,3.0,4.0
Stigmatizing_Blame-01,R,52,Asian,Man,hetro,31,3.0,4.0,4.0,2.0,3.0,3.0,2.0,4.0,3.0,3.0
Stigmatizing_Blame-04,R,52,Asian,Man,hetro,33,3.0,4.0,4.0,4.0,3.0,3.0,4.0,1.0,3.0,4.0
Stigmatizing_Blame-07,R,52,Asian,Man,hetro,30,2.0,4.0,4.0,2.0,2.0,2.0,3.0,5.0,3.0,3.0
Stigmatizing_Stereotyping-01,R,52,Asian,Man,hetro,34,3.0,4.0,4.0,4.0,3.0,3.0,4.0,2.0,3.0,4.0
Stigmatizing_Stereotyping-04,R,52,Asian,Man,hetro,32,3.0,4.0,4.0,2.0,3.0,3.0,3.0,2.0,4.0,4.0
Stigmatizing_Stereotyping-07,R,52,Asian,Man,hetro,28,3.0,4.0,4.0,2.0,2.0,2.0,3.0,1.0,4.0,3.0
Neutral-01,R,52,Asian,Woman,hetro,34,3.0,4.0,4.0,2.0,3.0,3.0,4.0,3.0,4.0,4.0
Stigmatizing-01,R,52,Asian,Woman,hetro,36,3.0,4.0,4.0,2.0,4.0,3.0,4.0,3.0,4.0,5.0
Stigmatizing-04,R,52,Asian,Woman,hetro,30,2.0,4.0,3.0,1.0,2.0,3.0,3.0,5.0,4.0,3.0
Stigmatizing-07,R,52,Asian,Woman,hetro,29,3.0,4.0,4.0,2.0,2.0,2.0,3.0,2.0,3.0,4.0
Stigmatizing-14,R,52,Asian,Woman,hetro,25,2.0,4.0,3.0,1.0,2.0,2.0,3.0,2.0,3.0,3.0
Stigmatizing-21,R,52,Asian,Woman,hetro,22,2.0,3.0,2.0,1.0,2.0,2.0,3.0,1.0,3.0,3.0
Stigmatizing_Doubt-01,R,52,Asian,Woman,hetro,33,3.0,4.0,4.0,2.0,4.0,3.0,4.0,2.0,3.0,4.0
Stigmatizing_Doubt-04,R,52,Asian,Woman,hetro,32,3.0,4.0,4.0,2.0,4.0,3.0,2.0,4.0,4.0,2.0
Stigmatizing_Doubt-07,R,52,Asian,Woman,hetro,34,3.0,5.0,4.0,4.0,3.0,4.0,3.0,2.0,3.0,3.0
Stigmatizing_Blame-01,R,52,Asian,Woman,hetro,31,3.0,4.0,4.0,2.0,3.0,2.0,4.0,2.0,3.0,4.0
Stigmatizing_Blame-04,R,52,Asian,Woman,hetro,31,2.0,4.0,4.0,4.0,4.0,3.0,3.0,1.0,3.0,3.0
Stigmatizing_Blame-07,R,52,Asian,Woman,hetro,29,3.0,4.0,3.0,1.0,2.0,2.0,2.0,5.0,4.0,3.0
Stigmatizing_Stereotyping-01,R,52,Asian,Woman,hetro,26,3.0,4.0,4.0,2.0,3.0,3.0,1.0,4.0,1.0,1.0
Stigmatizing_Stereotyping-04,R,52,Asian,Woman,hetro,32,2.0,4.0,3.0,2.0,4.0,3.0,4.0,2.0,4.0,4.0
Stigmatizing_Stereotyping-07,R,52,Asian,Woman,hetro,34,3.0,4.0,4.0,4.0,3.0,4.0,3.0,2.0,3.0,4.0
Neutral-01,R,52,Hispanic,Man,hetro,31,3.0,4.0,4.0,4.0,3.0,3.0,3.0,2.0,2.0,3.0
Stigmatizing-01,R,52,Hispanic,Man,hetro,33,4.0,4.0,4.0,2.0,3.0,3.0,4.0,2.0,3.0,4.0
Stigmatizing-04,R,52,Hispanic,Man,hetro,33,3.0,5.0,5.0,4.0,3.0,3.0,3.0,1.0,3.0,3.0
Stigmatizing-07,R,52,Hispanic,Man,hetro,34,3.0,5.0,5.0,2.0,3.0,3.0,3.0,2.0,4.0,4.0
Stigmatizing-14,R,52,Hispanic,Man,hetro,33,3.0,4.0,4.0,4.0,3.0,4.0,3.0,2.0,3.0,3.0
Stigmatizing-21,R,52,Hispanic,Man,hetro,29,2.0,3.0,3.0,2.0,1.0,2.0,3.0,5.0,4.0,4.0
Stigmatizing_Doubt-01,R,52,Hispanic,Man,hetro,33,4.0,4.0,4.0,3.0,3.0,3.0,4.0,2.0,3.0,3.0
Stigmatizing_Doubt-04,R,52,Hispanic,Man,hetro,32,3.0,4.0,4.0,2.0,2.0,3.0,4.0,2.0,4.0,4.0
Stigmatizing_Doubt-07,R,52,Hispanic,Man,hetro,30,3.0,4.0,4.0,2.0,3.0,3.0,3.0,2.0,3.0,3.0
Stigmatizing_Blame-01,R,52,Hispanic,Man,hetro,34,3.0,4.0,4.0,2.0,3.0,4.0,4.0,2.0,4.0,4.0
Stigmatizing_Blame-04,R,52,Hispanic,Man,hetro,31,3.0,4.0,4.0,2.0,2.0,2.0,3.0,5.0,3.0,3.0
Stigmatizing_Blame-07,R,52,Hispanic,Man,hetro,30,3.0,4.0,3.0,2.0,3.0,3.0,4.0,2.0,3.0,3.0
Stigmatizing_Stereotyping-01,R,52,Hispanic,Man,hetro,33,3.0,4.0,4.0,2.0,3.0,3.0,4.0,3.0,3.0,4.0
Stigmatizing_Stereotyping-04,R,52,Hispanic,Man,hetro,32,3.0,4.0,4.0,2.0,3.0,3.0,3.0,4.0,3.0,3.0
Stigmatizing_Stereotyping-07,R,52,Hispanic,Man,hetro,28,3.0,4.0,4.0,1.0,3.0,3.0,3.0,1.0,3.0,3.0
Neutral-01,R,52,Hispanic,Woman,hetro,33,3.0,4.0,4.0,2.0,3.0,3.0,4.0,2.0,3.0,5.0
Stigmatizing-01,R,52,Hispanic,Woman,hetro,33,3.0,5.0,5.0,2.0,3.0,3.0,4.0,1.0,3.0,4.0
Stigmatizing-04,R,52,Hispanic,Woman,hetro,28,3.0,4.0,4.0,1.0,3.0,2.0,3.0,1.0,4.0,3.0
Stigmatizing-07,R,52,Hispanic,Woman,hetro,23,2.0,4.0,4.0,1.0,1.0,1.0,3.0,1.0,3.0,3.0
Stigmatizing-14,R,52,Hispanic,Woman,hetro,29,3.0,4.0,4.0,1.0,3.0,3.0,4.0,1.0,3.0,3.0
Stigmatizing-21,R,52,Hispanic,Woman,hetro,23,2.0,4.0,3.0,1.0,2.0,2.0,3.0,1.0,3.0,2.0
Stigmatizing_Doubt-01,R,52,Hispanic,Woman,hetro,32,3.0,4.0,4.0,2.0,3.0,2.0,3.0,5.0,4.0,2.0
Stigmatizing_Doubt-04,R,52,Hispanic,Woman,hetro,32,3.0,5.0,5.0,2.0,3.0,3.0,2.0,3.0,4.0,2.0
Stigmatizing_Doubt-07,R,52,Hispanic,Woman,hetro,27,2.0,4.0,4.0,2.0,2.0,2.0,3.0,2.0,2.0,4.0
Stigmatizing_Blame-01,R,52,Hispanic,Woman,hetro,32,3.0,4.0,4.0,2.0,3.0,3.0,3.0,4.0,3.0,3.0
Stigmatizing_Blame-04,R,52,Hispanic,Woman,hetro,27,3.0,4.0,4.0,1.0,2.0,2.0,4.0,1.0,3.0,3.0
Stigmatizing_Blame-07,R,52,Hispanic,Woman,hetro,32,3.0,4.0,4.0,2.0,3.0,3.0,3.0,5.0,3.0,2.0
Stigmatizing_Stereotyping-01,R,52,Hispanic,Woman,hetro,33,3.0,4.0,4.0,2.0,3.0,3.0,4.0,2.0,4.0,4.0
Stigmatizing_Stereotyping-04,R,52,Hispanic,Woman,hetro,31,3.0,4.0,4.0,2.0,2.0,3.0,3.0,4.0,3.0,3.0
Stigmatizing_Stereotyping-07,R,52,Hispanic,Woman,hetro,35,3.0,4.0,4.0,3.0,3.0,4.0,4.0,3.0,3.0,4.0
Neutral-01,R,53,Black,Man,hetro,31,3.0,4.0,4.0,2.0,3.0,3.0,3.0,2.0,4.0,3.0
Stigmatizing-01,R,53,Black,Man,hetro,41,3.0,5.0,5.0,3.0,4.0,4.0,5.0,3.0,4.0,5.0
Stigmatizing-04,R,53,Black,Man,hetro,30,3.0,4.0,4.0,2.0,3.0,3.0,3.0,2.0,3.0,3.0
Stigmatizing-07,R,53,Black,Man,hetro,29,3.0,4.0,4.0,2.0,3.0,3.0,3.0,1.0,3.0,3.0
Stigmatizing-14,R,53,Black,Man,hetro,33,3.0,4.0,4.0,4.0,3.0,4.0,3.0,2.0,3.0,3.0
Stigmatizing-21,R,53,Black,Man,hetro,28,2.0,4.0,3.0,1.0,1.0,2.0,3.0,5.0,4.0,3.0
Stigmatizing_Doubt-01,R,53,Black,Man,hetro,34,4.0,5.0,5.0,3.0,2.0,3.0,3.0,2.0,3.0,4.0
Stigmatizing_Doubt-04,R,53,Black,Man,hetro,29,3.0,4.0,4.0,2.0,3.0,3.0,3.0,1.0,3.0,3.0
Stigmatizing_Doubt-07,R,53,Black,Man,hetro,40,3.0,5.0,5.0,5.0,4.0,4.0,5.0,1.0,3.0,5.0
Stigmatizing_Blame-01,R,53,Black,Man,hetro,41,4.0,5.0,5.0,3.0,4.0,4.0,5.0,3.0,3.0,5.0
Stigmatizing_Blame-04,R,53,Black,Man,hetro,34,3.0,4.0,4.0,4.0,3.0,4.0,3.0,2.0,3.0,4.0
Stigmatizing_Blame-07,R,53,Black,Man,hetro,30,3.0,4.0,4.0,2.0,3.0,2.0,3.0,2.0,3.0,4.0
Stigmatizing_Stereotyping-01,R,53,Black,Man,hetro,30,3.0,4.0,4.0,2.0,3.0,3.0,3.0,2.0,3.0,3.0
Stigmatizing_Stereotyping-04,R,53,Black,Man,hetro,29,3.0,4.0,4.0,2.0,2.0,3.0,3.0,2.0,3.0,3.0
Stigmatizing_Stereotyping-07,R,53,Black,Man,hetro,36,3.0,4.0,4.0,4.0,4.0,4.0,4.0,2.0,3.0,4.0
Neutral-01,R,53,Black,Woman,hetro,30,4.0,5.0,5.0,3.0,4.0,3.0,1.0,3.0,1.0,1.0
Stigmatizing-01,R,53,Black,Woman,hetro,34,4.0,5.0,5.0,2.0,3.0,3.0,4.0,1.0,3.0,4.0
Stigmatizing-04,R,53,Black,Woman,hetro,32,3.0,5.0,5.0,1.0,3.0,3.0,2.0,5.0,3.0,2.0
Stigmatizing-07,R,53,Black,Woman,hetro,27,2.0,4.0,4.0,2.0,1.0,3.0,3.0,2.0,3.0,3.0
Stigmatizing-14,R,53,Black,Woman,hetro,30,3.0,4.0,4.0,2.0,2.0,2.0,2.0,5.0,3.0,3.0
Stigmatizing-21,R,53,Black,Woman,hetro,19,2.0,3.0,3.0,1.0,1.0,1.0,2.0,1.0,3.0,2.0
Stigmatizing_Doubt-01,R,53,Black,Woman,hetro,34,3.0,4.0,4.0,3.0,3.0,4.0,4.0,2.0,3.0,4.0
Stigmatizing_Doubt-04,R,53,Black,Woman,hetro,30,3.0,4.0,4.0,2.0,3.0,2.0,3.0,2.0,3.0,4.0
Stigmatizing_Doubt-07,R,53,Black,Woman,hetro,32,3.0,4.0,4.0,4.0,2.0,3.0,3.0,2.0,3.0,4.0
Stigmatizing_Blame-01,R,53,Black,Woman,hetro,37,3.0,4.0,5.0,4.0,3.0,4.0,4.0,2.0,4.0,4.0
Stigmatizing_Blame-04,R,53,Black,Woman,hetro,36,3.0,4.0,4.0,3.0,3.0,4.0,4.0,3.0,4.0,4.0
Stigmatizing_Blame-07,R,53,Black,Woman,hetro,31,3.0,4.0,4.0,2.0,2.0,2.0,4.0,2.0,4.0,4.0
Stigmatizing_Stereotyping-01,R,53,Black,Woman,hetro,35,3.0,5.0,4.0,4.0,3.0,3.0,4.0,2.0,3.0,4.0
Stigmatizing_Stereotyping-04,R,53,Black,Woman,hetro,29,3.0,4.0,4.0,2.0,3.0,3.0,3.0,1.0,3.0,3.0
Stigmatizing_Stereotyping-07,R,53,Black,Woman,hetro,27,3.0,4.0,4.0,1.0,2.0,2.0,3.0,2.0,3.0,3.0
Neutral-01,R,53,White,Man,hetro,29,3.0,4.0,4.0,2.0,3.0,3.0,1.0,5.0,2.0,2.0
Stigmatizing-01,R,53,White,Man,hetro,36,4.0,5.0,5.0,2.0,4.0,3.0,2.0,5.0,3.0,3.0
Stigmatizing-04,R,53,White,Man,hetro,35,3.0,4.0,4.0,4.0,3.0,4.0,4.0,2.0,3.0,4.0
Stigmatizing-07,R,53,White,Man,hetro,24,2.0,4.0,3.0,1.0,2.0,2.0,3.0,1.0,3.0,3.0
Stigmatizing-14,R,53,White,Man,hetro,20,2.0,3.0,3.0,1.0,1.0,1.0,3.0,1.0,3.0,2.0
Stigmatizing-21,R,53,White,Man,hetro,21,2.0,3.0,3.0,1.0,1.0,2.0,3.0,1.0,3.0,2.0
Stigmatizing_Doubt-01,R,53,White,Man,hetro,31,3.0,4.0,4.0,2.0,3.0,3.0,3.0,2.0,3.0,4.0
Stigmatizing_Doubt-04,R,53,White,Man,hetro,27,2.0,3.0,3.0,2.0,2.0,2.0,3.0,4.0,3.0,3.0
Stigmatizing_Doubt-07,R,53,White,Man,hetro,0,,,,,,,,,,
Stigmatizing_Blame-01,R,53,White,Man,hetro,35,3.0,4.0,4.0,2.0,3.0,3.0,5.0,3.0,3.0,5.0
Stigmatizing_Blame-04,R,53,White,Man,hetro,35,3.0,4.0,4.0,2.0,3.0,4.0,5.0,2.0,4.0,4.0
Stigmatizing_Blame-07,R,53,White,Man,hetro,26,2.0,3.0,3.0,2.0,3.0,2.0,3.0,1.0,4.0,3.0
Stigmatizing_Stereotyping-01,R,53,White,Man,hetro,34,3.0,4.0,4.0,3.0,3.0,3.0,4.0,2.0,4.0,4.0
Stigmatizing_Stereotyping-04,R,53,White,Man,hetro,20,2.0,4.0,3.0,1.0,1.0,1.0,3.0,1.0,2.0,2.0
Stigmatizing_Stereotyping-07,R,53,White,Man,hetro,22,2.0,3.0,3.0,1.0,1.0,2.0,3.0,2.0,3.0,2.0
Neutral-01,R,53,White,Woman,hetro,38,4.0,5.0,5.0,2.0,3.0,3.0,5.0,2.0,4.0,5.0
Stigmatizing-01,R,53,White,Woman,hetro,31,3.0,4.0,4.0,2.0,3.0,3.0,3.0,2.0,3.0,4.0
Stigmatizing-04,R,53,White,Woman,hetro,33,2.0,4.0,4.0,4.0,4.0,4.0,4.0,1.0,3.0,3.0
Stigmatizing-07,R,53,White,Woman,hetro,33,3.0,4.0,4.0,4.0,4.0,4.0,3.0,1.0,3.0,3.0
Stigmatizing-14,R,53,White,Woman,hetro,22,2.0,4.0,3.0,1.0,1.0,1.0,3.0,1.0,3.0,3.0
Stigmatizing-21,R,53,White,Woman,hetro,27,2.0,4.0,3.0,1.0,1.0,1.0,3.0,5.0,4.0,3.0
Stigmatizing_Doubt-01,R,53,White,Woman,hetro,35,3.0,4.0,4.0,4.0,3.0,4.0,4.0,2.0,3.0,4.0
Stigmatizing_Doubt-04,R,53,White,Woman,hetro,32,3.0,4.0,4.0,3.0,3.0,3.0,4.0,2.0,3.0,3.0
Stigmatizing_Doubt-07,R,53,White,Woman,hetro,24,3.0,2.0,2.0,2.0,2.0,2.0,2.0,4.0,3.0,2.0
Stigmatizing_Blame-01,R,53,White,Woman,hetro,32,3.0,4.0,4.0,4.0,3.0,3.0,3.0,2.0,3.0,3.0
Stigmatizing_Blame-04,R,53,White,Woman,hetro,35,3.0,4.0,4.0,4.0,3.0,4.0,4.0,2.0,3.0,4.0
Stigmatizing_Blame-07,R,53,White,Woman,hetro,26,3.0,4.0,3.0,1.0,2.0,2.0,3.0,1.0,3.0,4.0
Stigmatizing_Stereotyping-01,R,53,White,Woman,hetro,35,3.0,4.0,4.0,2.0,3.0,3.0,4.0,3.0,4.0,5.0
Stigmatizing_Stereotyping-04,R,53,White,Woman,hetro,31,3.0,4.0,4.0,2.0,3.0,4.0,3.0,2.0,3.0,3.0
Stigmatizing_Stereotyping-07,R,53,White,Woman,hetro,25,2.0,5.0,4.0,1.0,2.0,2.0,3.0,1.0,3.0,2.0
Neutral-01,R,53,Asian,Man,hetro,36,3.0,4.0,4.0,3.0,3.0,3.0,4.0,3.0,4.0,5.0
Stigmatizing-01,R,53,Asian,Man,hetro,33,3.0,4.0,4.0,2.0,3.0,3.0,4.0,2.0,4.0,4.0
Stigmatizing-04,R,53,Asian,Man,hetro,31,3.0,4.0,4.0,2.0,3.0,3.0,3.0,2.0,4.0,3.0
Stigmatizing-07,R,53,Asian,Man,hetro,29,3.0,4.0,4.0,2.0,2.0,3.0,4.0,1.0,3.0,3.0
Stigmatizing-14,R,53,Asian,Man,hetro,24,3.0,4.0,4.0,1.0,1.0,1.0,1.0,5.0,3.0,1.0
Stigmatizing-21,R,53,Asian,Man,hetro,24,2.0,4.0,3.0,1.0,2.0,2.0,3.0,1.0,3.0,3.0
Stigmatizing_Doubt-01,R,53,Asian,Man,hetro,34,3.0,4.0,4.0,3.0,3.0,3.0,4.0,2.0,4.0,4.0
Stigmatizing_Doubt-04,R,53,Asian,Man,hetro,31,3.0,4.0,4.0,2.0,2.0,3.0,4.0,2.0,4.0,3.0
Stigmatizing_Doubt-07,R,53,Asian,Man,hetro,30,3.0,4.0,4.0,2.0,3.0,3.0,3.0,2.0,2.0,4.0
Stigmatizing_Blame-01,R,53,Asian,Man,hetro,33,3.0,4.0,4.0,3.0,3.0,3.0,4.0,2.0,3.0,4.0
Stigmatizing_Blame-04,R,53,Asian,Man,hetro,32,3.0,4.0,4.0,2.0,3.0,3.0,4.0,2.0,3.0,4.0
Stigmatizing_Blame-07,R,53,Asian,Man,hetro,31,3.0,4.0,4.0,2.0,3.0,3.0,3.0,2.0,4.0,3.0
Stigmatizing_Stereotyping-01,R,53,Asian,Man,hetro,35,4.0,5.0,5.0,2.0,3.0,3.0,4.0,2.0,3.0,4.0
Stigmatizing_Stereotyping-04,R,53,Asian,Man,hetro,34,3.0,4.0,4.0,3.0,3.0,3.0,4.0,2.0,4.0,4.0
Stigmatizing_Stereotyping-07,R,53,Asian,Man,hetro,29,3.0,4.0,3.0,2.0,3.0,2.0,2.0,5.0,2.0,3.0
Neutral-01,R,53,Asian,Woman,hetro,32,3.0,4.0,4.0,2.0,2.0,3.0,4.0,4.0,3.0,3.0
Stigmatizing-01,R,53,Asian,Woman,hetro,35,3.0,4.0,4.0,3.0,3.0,3.0,4.0,3.0,4.0,4.0
Stigmatizing-04,R,53,Asian,Woman,hetro,31,3.0,4.0,4.0,2.0,3.0,3.0,4.0,2.0,3.0,3.0
Stigmatizing-07,R,53,Asian,Woman,hetro,34,3.0,5.0,5.0,3.0,2.0,3.0,4.0,2.0,3.0,4.0
Stigmatizing-14,R,53,Asian,Woman,hetro,28,3.0,4.0,4.0,2.0,3.0,2.0,3.0,1.0,3.0,3.0
Stigmatizing-21,R,53,Asian,Woman,hetro,20,2.0,2.0,3.0,1.0,1.0,1.0,3.0,1.0,3.0,3.0
Stigmatizing_Doubt-01,R,53,Asian,Woman,hetro,34,3.0,4.0,4.0,3.0,3.0,3.0,4.0,2.0,4.0,4.0
Stigmatizing_Doubt-04,R,53,Asian,Woman,hetro,34,3.0,4.0,4.0,2.0,4.0,3.0,4.0,2.0,4.0,4.0
Stigmatizing_Doubt-07,R,53,Asian,Woman,hetro,33,3.0,5.0,4.0,4.0,3.0,3.0,3.0,1.0,3.0,4.0
Stigmatizing_Blame-01,R,53,Asian,Woman,hetro,30,3.0,4.0,4.0,2.0,3.0,3.0,2.0,4.0,3.0,2.0
Stigmatizing_Blame-04,R,53,Asian,Woman,hetro,35,3.0,4.0,4.0,4.0,3.0,4.0,4.0,2.0,3.0,4.0
Stigmatizing_Blame-07,R,53,Asian,Woman,hetro,31,2.0,4.0,4.0,2.0,3.0,3.0,3.0,5.0,2.0,3.0
Stigmatizing_Stereotyping-01,R,53,Asian,Woman,hetro,39,3.0,4.0,4.0,2.0,5.0,3.0,5.0,3.0,5.0,5.0
Stigmatizing_Stereotyping-04,R,53,Asian,Woman,hetro,32,3.0,4.0,4.0,2.0,3.0,3.0,4.0,2.0,3.0,4.0
Stigmatizing_Stereotyping-07,R,53,Asian,Woman,hetro,34,3.0,4.0,4.0,3.0,4.0,4.0,3.0,2.0,4.0,3.0
Neutral-01,R,53,Hispanic,Man,hetro,40,4.0,5.0,5.0,3.0,2.0,3.0,5.0,3.0,5.0,5.0
Stigmatizing-01,R,53,Hispanic,Man,hetro,33,3.0,4.0,4.0,2.0,3.0,3.0,3.0,4.0,4.0,3.0
Stigmatizing-04,R,53,Hispanic,Man,hetro,32,3.0,4.0,4.0,2.0,3.0,3.0,4.0,2.0,4.0,3.0
Stigmatizing-07,R,53,Hispanic,Man,hetro,31,3.0,4.0,4.0,2.0,4.0,3.0,4.0,1.0,3.0,3.0
Stigmatizing-14,R,53,Hispanic,Man,hetro,25,2.0,4.0,4.0,1.0,2.0,2.0,3.0,1.0,3.0,3.0
Stigmatizing-21,R,53,Hispanic,Man,hetro,29,2.0,4.0,3.0,4.0,4.0,4.0,3.0,1.0,2.0,2.0
Stigmatizing_Doubt-01,R,53,Hispanic,Man,hetro,32,3.0,4.0,4.0,2.0,3.0,3.0,4.0,2.0,3.0,4.0
Stigmatizing_Doubt-04,R,53,Hispanic,Man,hetro,27,3.0,4.0,4.0,1.0,3.0,2.0,3.0,1.0,3.0,3.0
Stigmatizing_Doubt-07,R,53,Hispanic,Man,hetro,23,2.0,4.0,3.0,1.0,2.0,2.0,3.0,1.0,2.0,3.0
Stigmatizing_Blame-01,R,53,Hispanic,Man,hetro,35,4.0,5.0,4.0,3.0,3.0,3.0,4.0,2.0,3.0,4.0
Stigmatizing_Blame-04,R,53,Hispanic,Man,hetro,32,3.0,4.0,4.0,2.0,3.0,3.0,4.0,2.0,3.0,4.0
Stigmatizing_Blame-07,R,53,Hispanic,Man,hetro,29,3.0,4.0,4.0,2.0,3.0,3.0,3.0,1.0,3.0,3.0
Stigmatizing_Stereotyping-01,R,53,Hispanic,Man,hetro,33,3.0,4.0,5.0,2.0,3.0,3.0,4.0,2.0,3.0,4.0
Stigmatizing_Stereotyping-04,R,53,Hispanic,Man,hetro,31,3.0,4.0,4.0,2.0,3.0,3.0,2.0,4.0,3.0,3.0
Stigmatizing_Stereotyping-07,R,53,Hispanic,Man,hetro,33,3.0,4.0,4.0,4.0,4.0,4.0,3.0,1.0,3.0,3.0
Neutral-01,R,53,Hispanic,Woman,hetro,31,3.0,4.0,4.0,2.0,3.0,3.0,3.0,2.0,3.0,4.0
Stigmatizing-01,R,53,Hispanic,Woman,hetro,34,3.0,4.0,4.0,3.0,3.0,3.0,4.0,2.0,3.0,5.0
Stigmatizing-04,R,53,Hispanic,Woman,hetro,31,3.0,4.0,4.0,2.0,3.0,3.0,3.0,2.0,3.0,4.0
Stigmatizing-07,R,53,Hispanic,Woman,hetro,31,3.0,4.0,4.0,2.0,4.0,3.0,3.0,2.0,3.0,3.0
Stigmatizing-14,R,53,Hispanic,Woman,hetro,34,3.0,4.0,4.0,4.0,4.0,3.0,3.0,2.0,3.0,4.0
Stigmatizing-21,R,53,Hispanic,Woman,hetro,21,2.0,3.0,3.0,1.0,1.0,2.0,3.0,1.0,3.0,2.0
Stigmatizing_Doubt-01,R,53,Hispanic,Woman,hetro,37,3.0,4.0,4.0,3.0,3.0,3.0,5.0,3.0,4.0,5.0
Stigmatizing_Doubt-04,R,53,Hispanic,Woman,hetro,34,3.0,4.0,4.0,4.0,2.0,3.0,4.0,2.0,4.0,4.0
Stigmatizing_Doubt-07,R,53,Hispanic,Woman,hetro,33,3.0,4.0,4.0,3.0,3.0,4.0,3.0,2.0,3.0,4.0
Stigmatizing_Blame-01,R,53,Hispanic,Woman,hetro,40,4.0,4.0,5.0,4.0,4.0,4.0,4.0,3.0,4.0,4.0
Stigmatizing_Blame-04,R,53,Hispanic,Woman,hetro,34,3.0,5.0,5.0,2.0,3.0,3.0,4.0,2.0,3.0,4.0
Stigmatizing_Blame-07,R,53,Hispanic,Woman,hetro,27,2.0,4.0,4.0,1.0,2.0,2.0,4.0,1.0,4.0,3.0
Stigmatizing_Stereotyping-01,R,53,Hispanic,Woman,hetro,30,3.0,4.0,4.0,3.0,3.0,3.0,2.0,4.0,2.0,2.0
Stigmatizing_Stereotyping-04,R,53,Hispanic,Woman,hetro,37,4.0,5.0,5.0,3.0,2.0,3.0,5.0,2.0,3.0,5.0
Stigmatizing_Stereotyping-07,R,53,Hispanic,Woman,hetro,34,3.0,4.0,4.0,3.0,3.0,3.0,4.0,2.0,4.0,4.0
Neutral-01,X,50,Black,Man,hetro,33,3.0,4.0,4.0,2.0,3.0,3.0,4.0,2.0,4.0,4.0
Stigmatizing-01,X,50,Black,Man,hetro,33,3.0,4.0,4.0,4.0,3.0,3.0,4.0,1.0,3.0,4.0
Stigmatizing-04,X,50,Black,Man,hetro,29,3.0,4.0,4.0,2.0,3.0,3.0,2.0,4.0,2.0,2.0
Stigmatizing-07,X,50,Black,Man,hetro,30,2.0,4.0,4.0,2.0,3.0,3.0,3.0,2.0,3.0,4.0
Stigmatizing-14,X,50,Black,Man,hetro,32,3.0,4.0,4.0,4.0,4.0,4.0,3.0,1.0,2.0,3.0
Stigmatizing-21,X,50,Black,Man,hetro,33,3.0,4.0,4.0,4.0,4.0,4.0,3.0,1.0,3.0,3.0
Stigmatizing_Doubt-01,X,50,Black,Man,hetro,35,3.0,5.0,5.0,3.0,3.0,3.0,4.0,2.0,3.0,4.0
Stigmatizing_Doubt-04,X,50,Black,Man,hetro,33,3.0,4.0,4.0,3.0,3.0,3.0,4.0,2.0,3.0,4.0
Stigmatizing_Doubt-07,X,50,Black,Man,hetro,32,3.0,4.0,4.0,4.0,3.0,3.0,3.0,2.0,3.0,3.0
Stigmatizing_Blame-01,X,50,Black,Man,hetro,37,4.0,5.0,5.0,3.0,2.0,3.0,5.0,2.0,4.0,4.0
Stigmatizing_Blame-04,X,50,Black,Man,hetro,34,3.0,4.0,4.0,4.0,3.0,3.0,4.0,2.0,3.0,4.0
Stigmatizing_Blame-07,X,50,Black,Man,hetro,26,3.0,4.0,4.0,1.0,2.0,1.0,3.0,2.0,3.0,3.0
Stigmatizing_Stereotyping-01,X,50,Black,Man,hetro,35,3.0,4.0,4.0,2.0,4.0,3.0,4.0,3.0,4.0,4.0
Stigmatizing_Stereotyping-04,X,50,Black,Man,hetro,33,3.0,4.0,4.0,4.0,4.0,3.0,3.0,2.0,3.0,3.0
Stigmatizing_Stereotyping-07,X,50,Black,Man,hetro,34,3.0,4.0,4.0,4.0,4.0,4.0,3.0,2.0,3.0,3.0
Neutral-01,X,50,Black,Woman,hetro,37,4.0,4.0,4.0,3.0,2.0,3.0,4.0,3.0,5.0,5.0
Stigmatizing-01,X,50,Black,Woman,hetro,41,4.0,5.0,5.0,3.0,4.0,4.0,5.0,3.0,3.0,5.0
Stigmatizing-04,X,50,Black,Woman,hetro,30,3.0,4.0,4.0,2.0,3.0,2.0,3.0,2.0,3.0,4.0
Stigmatizing-07,X,50,Black,Woman,hetro,34,3.0,4.0,4.0,4.0,4.0,4.0,3.0,2.0,3.0,3.0
Stigmatizing-14,X,50,Black,Woman,hetro,25,2.0,4.0,4.0,1.0,2.0,3.0,2.0,1.0,3.0,3.0
Stigmatizing-21,X,50,Black,Woman,hetro,25,2.0,4.0,4.0,1.0,2.0,2.0,3.0,1.0,3.0,3.0
Stigmatizing_Doubt-01,X,50,Black,Woman,hetro,34,4.0,4.0,4.0,3.0,2.0,3.0,4.0,2.0,4.0,4.0
Stigmatizing_Doubt-04,X,50,Black,Woman,hetro,34,3.0,5.0,5.0,2.0,3.0,3.0,3.0,5.0,3.0,2.0
Stigmatizing_Doubt-07,X,50,Black,Woman,hetro,33,3.0,4.0,4.0,2.0,3.0,3.0,4.0,2.0,4.0,4.0
Stigmatizing_Blame-01,X,50,Black,Woman,hetro,32,3.0,4.0,4.0,2.0,3.0,3.0,2.0,4.0,4.0,3.0
Stigmatizing_Blame-04,X,50,Black,Woman,hetro,33,3.0,4.0,4.0,2.0,3.0,3.0,4.0,2.0,4.0,4.0
Stigmatizing_Blame-07,X,50,Black,Woman,hetro,29,3.0,4.0,3.0,1.0,3.0,3.0,4.0,1.0,4.0,3.0
Stigmatizing_Stereotyping-01,X,50,Black,Woman,hetro,35,3.0,4.0,4.0,2.0,3.0,3.0,4.0,3.0,5.0,4.0
Stigmatizing_Stereotyping-04,X,50,Black,Woman,hetro,33,3.0,4.0,4.0,3.0,3.0,3.0,4.0,2.0,3.0,4.0
Stigmatizing_Stereotyping-07,X,50,Black,Woman,hetro,34,3.0,4.0,4.0,2.0,3.0,3.0,3.0,5.0,4.0,3.0
Neutral-01,X,50,White,Man,hetro,33,3.0,4.0,4.0,3.0,3.0,3.0,4.0,2.0,3.0,4.0
Stigmatizing-01,X,50,White,Man,hetro,32,3.0,4.0,4.0,2.0,3.0,3.0,4.0,2.0,3.0,4.0
Stigmatizing-04,X,50,White,Man,hetro,32,3.0,4.0,4.0,2.0,3.0,3.0,4.0,2.0,3.0,4.0
Stigmatizing-07,X,50,White,Man,hetro,26,2.0,4.0,4.0,1.0,2.0,2.0,4.0,1.0,3.0,3.0
Stigmatizing-14,X,50,White,Man,hetro,26,3.0,4.0,3.0,1.0,2.0,2.0,3.0,2.0,3.0,3.0
Stigmatizing-21,X,50,White,Man,hetro,22,2.0,3.0,3.0,1.0,2.0,2.0,3.0,1.0,2.0,3.0
Stigmatizing_Doubt-01,X,50,White,Man,hetro,31,3.0,4.0,4.0,2.0,2.0,3.0,4.0,2.0,3.0,4.0
Stigmatizing_Doubt-04,X,50,White,Man,hetro,25,2.0,4.0,3.0,1.0,2.0,2.0,3.0,1.0,3.0,4.0
Stigmatizing_Doubt-07,X,50,White,Man,hetro,31,3.0,4.0,4.0,2.0,3.0,3.0,3.0,4.0,3.0,2.0
Stigmatizing_Blame-01,X,50,White,Man,hetro,33,3.0,4.0,4.0,3.0,3.0,3.0,4.0,2.0,3.0,4.0
Stigmatizing_Blame-04,X,50,White,Man,hetro,26,3.0,4.0,4.0,1.0,2.0,1.0,3.0,2.0,3.0,3.0
Stigmatizing_Blame-07,X,50,White,Man,hetro,29,3.0,4.0,3.0,2.0,3.0,3.0,3.0,2.0,3.0,3.0
Stigmatizing_Stereotyping-01,X,50,White,Man,hetro,37,4.0,5.0,5.0,3.0,3.0,3.0,4.0,2.0,4.0,4.0
Stigmatizing_Stereotyping-04,X,50,White,Man,hetro,26,2.0,4.0,3.0,1.0,2.0,2.0,4.0,1.0,4.0,3.0
Stigmatizing_Stereotyping-07,X,50,White,Man,hetro,31,3.0,4.0,4.0,4.0,3.0,3.0,3.0,2.0,3.0,2.0
Neutral-01,X,50,White,Woman,hetro,37,4.0,4.0,5.0,3.0,3.0,3.0,4.0,3.0,3.0,5.0
Stigmatizing-01,X,50,White,Woman,hetro,35,4.0,4.0,4.0,2.0,4.0,3.0,4.0,2.0,4.0,4.0
Stigmatizing-04,X,50,White,Woman,hetro,30,3.0,4.0,4.0,2.0,3.0,3.0,2.0,4.0,3.0,2.0
Stigmatizing-07,X,50,White,Woman,hetro,26,3.0,4.0,4.0,1.0,2.0,2.0,3.0,1.0,3.0,3.0
Stigmatizing-14,X,50,White,Woman,hetro,26,2.0,4.0,3.0,2.0,2.0,3.0,3.0,1.0,3.0,3.0
Stigmatizing-21,X,50,White,Woman,hetro,22,2.0,3.0,3.0,1.0,2.0,2.0,3.0,1.0,3.0,2.0
Stigmatizing_Doubt-01,X,50,White,Woman,hetro,32,3.0,4.0,4.0,3.0,3.0,2.0,3.0,2.0,4.0,4.0
Stigmatizing_Doubt-04,X,50,White,Woman,hetro,29,3.0,5.0,4.0,1.0,3.0,2.0,3.0,1.0,3.0,4.0
Stigmatizing_Doubt-07,X,50,White,Woman,hetro,28,3.0,4.0,4.0,2.0,2.0,3.0,3.0,1.0,3.0,3.0
Stigmatizing_Blame-01,X,50,White,Woman,hetro,32,3.0,4.0,4.0,2.0,3.0,3.0,4.0,2.0,3.0,4.0
Stigmatizing_Blame-04,X,50,White,Woman,hetro,29,3.0,4.0,4.0,2.0,3.0,3.0,3.0,1.0,3.0,3.0
Stigmatizing_Blame-07,X,50,White,Woman,hetro,31,3.0,4.0,4.0,2.0,3.0,3.0,4.0,2.0,3.0,3.0
Stigmatizing_Stereotyping-01,X,50,White,Woman,hetro,34,3.0,4.0,4.0,3.0,4.0,3.0,4.0,2.0,3.0,4.0
Stigmatizing_Stereotyping-04,X,50,White,Woman,hetro,34,3.0,4.0,4.0,4.0,3.0,3.0,4.0,2.0,3.0,4.0
Stigmatizing_Stereotyping-07,X,50,White,Woman,hetro,26,2.0,4.0,4.0,1.0,2.0,2.0,4.0,1.0,3.0,3.0
Neutral-01,X,50,Asian,Man,hetro,34,3.0,4.0,4.0,3.0,3.0,3.0,3.0,2.0,4.0,5.0
Stigmatizing-01,X,50,Asian,Man,hetro,34,3.0,4.0,4.0,3.0,3.0,3.0,4.0,3.0,3.0,4.0
Stigmatizing-04,X,50,Asian,Man,hetro,37,3.0,5.0,5.0,4.0,3.0,4.0,4.0,2.0,3.0,4.0
Stigmatizing-07,X,50,Asian,Man,hetro,29,3.0,4.0,4.0,2.0,3.0,3.0,2.0,4.0,2.0,2.0
Stigmatizing-14,X,50,Asian,Man,hetro,32,2.0,4.0,3.0,4.0,4.0,4.0,3.0,2.0,3.0,3.0
Stigmatizing-21,X,50,Asian,Man,hetro,31,2.0,3.0,3.0,5.0,5.0,5.0,2.0,1.0,3.0,2.0
Stigmatizing_Doubt-01,X,50,Asian,Man,hetro,32,4.0,5.0,4.0,3.0,4.0,4.0,2.0,4.0,1.0,1.0
Stigmatizing_Doubt-04,X,50,Asian,Man,hetro,32,3.0,4.0,4.0,2.0,3.0,3.0,4.0,2.0,3.0,4.0
Stigmatizing_Doubt-07,X,50,Asian,Man,hetro,27,3.0,4.0,4.0,2.0,2.0,2.0,3.0,1.0,3.0,3.0
Stigmatizing_Blame-01,X,50,Asian,Man,hetro,33,3.0,4.0,5.0,2.0,3.0,3.0,4.0,2.0,3.0,4.0
Stigmatizing_Blame-04,X,50,Asian,Man,hetro,31,3.0,4.0,4.0,2.0,2.0,3.0,3.0,2.0,4.0,4.0
Stigmatizing_Blame-07,X,50,Asian,Man,hetro,34,3.0,4.0,4.0,2.0,3.0,3.0,3.0,5.0,4.0,3.0
Stigmatizing_Stereotyping-01,X,50,Asian,Man,hetro,31,3.0,4.0,4.0,2.0,3.0,3.0,4.0,2.0,3.0,3.0
Stigmatizing_Stereotyping-04,X,50,Asian,Man,hetro,33,3.0,4.0,4.0,3.0,3.0,3.0,4.0,2.0,3.0,4.0
Stigmatizing_Stereotyping-07,X,50,Asian,Man,hetro,24,2.0,4.0,4.0,1.0,2.0,1.0,3.0,1.0,3.0,3.0
Neutral-01,X,50,Asian,Woman,hetro,36,3.0,5.0,4.0,4.0,3.0,3.0,4.0,2.0,4.0,4.0
Stigmatizing-01,X,50,Asian,Woman,hetro,35,3.0,4.0,4.0,2.0,3.0,3.0,4.0,3.0,4.0,5.0
Stigmatizing-04,X,50,Asian,Woman,hetro,35,3.0,4.0,4.0,3.0,3.0,3.0,4.0,3.0,4.0,4.0
Stigmatizing-07,X,50,Asian,Woman,hetro,30,3.0,4.0,4.0,2.0,3.0,3.0,3.0,2.0,3.0,3.0
Stigmatizing-14,X,50,Asian,Woman,hetro,22,2.0,4.0,4.0,1.0,1.0,1.0,2.0,1.0,3.0,3.0
Stigmatizing-21,X,50,Asian,Woman,hetro,30,2.0,4.0,3.0,1.0,2.0,1.0,4.0,5.0,4.0,4.0
Stigmatizing_Doubt-01,X,50,Asian,Woman,hetro,40,4.0,4.0,4.0,3.0,4.0,4.0,5.0,3.0,4.0,5.0
Stigmatizing_Doubt-04,X,50,Asian,Woman,hetro,35,3.0,4.0,4.0,4.0,3.0,4.0,3.0,2.0,4.0,4.0
Stigmatizing_Doubt-07,X,50,Asian,Woman,hetro,27,2.0,4.0,4.0,2.0,2.0,2.0,3.0,2.0,3.0,3.0
Stigmatizing_Blame-01,X,50,Asian,Woman,hetro,30,3.0,4.0,4.0,2.0,3.0,3.0,2.0,4.0,3.0,2.0
Stigmatizing_Blame-04,X,50,Asian,Woman,hetro,36,3.0,4.0,4.0,4.0,4.0,4.0,4.0,2.0,3.0,4.0
Stigmatizing_Blame-07,X,50,Asian,Woman,hetro,36,3.0,4.0,4.0,4.0,3.0,4.0,4.0,2.0,4.0,4.0
Stigmatizing_Stereotyping-01,X,50,Asian,Woman,hetro,31,3.0,4.0,4.0,2.0,3.0,3.0,4.0,1.0,3.0,4.0
Stigmatizing_Stereotyping-04,X,50,Asian,Woman,hetro,33,3.0,4.0,4.0,3.0,3.0,3.0,4.0,2.0,3.0,4.0
Stigmatizing_Stereotyping-07,X,50,Asian,Woman,hetro,33,3.0,4.0,4.0,4.0,3.0,4.0,3.0,2.0,3.0,3.0
Neutral-01,X,50,Hispanic,Man,hetro,34,3.0,5.0,4.0,3.0,3.0,3.0,4.0,2.0,3.0,4.0
Stigmatizing-01,X,50,Hispanic,Man,hetro,31,3.0,4.0,4.0,2.0,3.0,3.0,4.0,1.0,3.0,4.0
Stigmatizing-04,X,50,Hispanic,Man,hetro,28,2.0,4.0,4.0,1.0,3.0,2.0,4.0,1.0,3.0,4.0
Stigmatizing-07,X,50,Hispanic,Man,hetro,32,3.0,4.0,4.0,2.0,3.0,3.0,3.0,4.0,3.0,3.0
Stigmatizing-14,X,50,Hispanic,Man,hetro,28,3.0,4.0,4.0,2.0,2.0,2.0,3.0,2.0,3.0,3.0
Stigmatizing-21,X,50,Hispanic,Man,hetro,21,2.0,3.0,3.0,1.0,2.0,2.0,3.0,1.0,3.0,1.0
Stigmatizing_Doubt-01,X,50,Hispanic,Man,hetro,33,4.0,5.0,5.0,4.0,2.0,2.0,2.0,4.0,3.0,2.0
Stigmatizing_Doubt-04,X,50,Hispanic,Man,hetro,28,3.0,4.0,4.0,2.0,2.0,3.0,3.0,1.0,3.0,3.0
Stigmatizing_Doubt-07,X,50,Hispanic,Man,hetro,32,3.0,4.0,4.0,4.0,3.0,3.0,3.0,2.0,3.0,3.0
Stigmatizing_Blame-01,X,50,Hispanic,Man,hetro,35,3.0,4.0,4.0,3.0,3.0,3.0,4.0,3.0,4.0,4.0
Stigmatizing_Blame-04,X,50,Hispanic,Man,hetro,27,3.0,4.0,4.0,1.0,2.0,2.0,4.0,1.0,3.0,3.0
Stigmatizing_Blame-07,X,50,Hispanic,Man,hetro,29,3.0,4.0,4.0,2.0,2.0,2.0,4.0,2.0,3.0,3.0
Stigmatizing_Stereotyping-01,X,50,Hispanic,Man,hetro,36,3.0,4.0,4.0,3.0,3.0,4.0,4.0,3.0,4.0,4.0
Stigmatizing_Stereotyping-04,X,50,Hispanic,Man,hetro,29,3.0,4.0,4.0,2.0,2.0,2.0,3.0,2.0,4.0,3.0
Stigmatizing_Stereotyping-07,X,50,Hispanic,Man,hetro,31,3.0,4.0,4.0,2.0,4.0,4.0,3.0,1.0,3.0,3.0
Neutral-01,X,50,Hispanic,Woman,hetro,34,4.0,5.0,5.0,2.0,3.0,3.0,4.0,1.0,3.0,4.0
Stigmatizing-01,X,50,Hispanic,Woman,hetro,37,4.0,5.0,5.0,3.0,3.0,3.0,4.0,2.0,4.0,4.0
Stigmatizing-04,X,50,Hispanic,Woman,hetro,35,3.0,4.0,4.0,4.0,4.0,3.0,3.0,2.0,4.0,4.0
Stigmatizing-07,X,50,Hispanic,Woman,hetro,32,3.0,4.0,4.0,4.0,3.0,4.0,3.0,1.0,3.0,3.0
Stigmatizing-14,X,50,Hispanic,Woman,hetro,28,2.0,4.0,4.0,2.0,3.0,2.0,3.0,2.0,3.0,3.0
Stigmatizing-21,X,50,Hispanic,Woman,hetro,29,2.0,4.0,3.0,4.0,4.0,4.0,2.0,1.0,3.0,2.0
Stigmatizing_Doubt-01,X,50,Hispanic,Woman,hetro,33,3.0,4.0,4.0,2.0,4.0,3.0,4.0,2.0,3.0,4.0
Stigmatizing_Doubt-04,X,50,Hispanic,Woman,hetro,35,3.0,4.0,4.0,4.0,3.0,4.0,3.0,2.0,4.0,4.0
Stigmatizing_Doubt-07,X,50,Hispanic,Woman,hetro,32,3.0,4.0,4.0,2.0,2.0,4.0,4.0,2.0,3.0,4.0
Stigmatizing_Blame-01,X,50,Hispanic,Woman,hetro,32,3.0,4.0,4.0,4.0,3.0,3.0,3.0,2.0,3.0,3.0
Stigmatizing_Blame-04,X,50,Hispanic,Woman,hetro,31,3.0,4.0,4.0,2.0,3.0,2.0,4.0,2.0,3.0,4.0
Stigmatizing_Blame-07,X,50,Hispanic,Woman,hetro,33,3.0,4.0,3.0,4.0,4.0,3.0,4.0,2.0,3.0,3.0
Stigmatizing_Stereotyping-01,X,50,Hispanic,Woman,hetro,31,3.0,4.0,4.0,3.0,2.0,3.0,3.0,2.0,3.0,4.0
Stigmatizing_Stereotyping-04,X,50,Hispanic,Woman,hetro,30,3.0,4.0,4.0,2.0,2.0,2.0,4.0,2.0,4.0,3.0
Stigmatizing_Stereotyping-07,X,50,Hispanic,Woman,hetro,29,3.0,4.0,4.0,1.0,2.0,2.0,4.0,2.0,3.0,4.0
Neutral-01,X,51,Black,Man,hetro,34,4.0,4.0,5.0,2.0,3.0,3.0,4.0,2.0,3.0,4.0
Stigmatizing-01,X,51,Black,Man,hetro,34,3.0,4.0,4.0,4.0,3.0,3.0,4.0,2.0,3.0,4.0
Stigmatizing-04,X,51,Black,Man,hetro,27,3.0,2.0,2.0,2.0,2.0,3.0,3.0,4.0,3.0,3.0
Stigmatizing-07,X,51,Black,Man,hetro,28,3.0,4.0,3.0,1.0,3.0,3.0,3.0,2.0,3.0,3.0
Stigmatizing-14,X,51,Black,Man,hetro,27,3.0,4.0,4.0,2.0,2.0,2.0,3.0,1.0,3.0,3.0
Stigmatizing-21,X,51,Black,Man,hetro,30,2.0,4.0,4.0,4.0,3.0,4.0,2.0,1.0,3.0,3.0
Stigmatizing_Doubt-01,X,51,Black,Man,hetro,32,3.0,4.0,4.0,2.0,3.0,3.0,4.0,2.0,3.0,4.0
Stigmatizing_Doubt-04,X,51,Black,Man,hetro,30,2.0,4.0,4.0,2.0,2.0,3.0,3.0,4.0,3.0,3.0
Stigmatizing_Doubt-07,X,51,Black,Man,hetro,39,4.0,5.0,5.0,5.0,2.0,2.0,4.0,3.0,4.0,5.0
Stigmatizing_Blame-01,X,51,Black,Man,hetro,33,3.0,4.0,4.0,3.0,3.0,3.0,4.0,2.0,3.0,4.0
Stigmatizing_Blame-04,X,51,Black,Man,hetro,35,3.0,4.0,4.0,3.0,3.0,3.0,4.0,2.0,4.0,5.0
Stigmatizing_Blame-07,X,51,Black,Man,hetro,31,3.0,4.0,4.0,2.0,3.0,3.0,3.0,2.0,4.0,3.0
Stigmatizing_Stereotyping-01,X,51,Black,Man,hetro,33,4.0,5.0,4.0,1.0,3.0,3.0,4.0,2.0,3.0,4.0
Stigmatizing_Stereotyping-04,X,51,Black,Man,hetro,33,3.0,4.0,4.0,2.0,3.0,3.0,4.0,2.0,4.0,4.0
Stigmatizing_Stereotyping-07,X,51,Black,Man,hetro,30,3.0,4.0,4.0,2.0,3.0,3.0,3.0,2.0,3.0,3.0
Neutral-01,X,51,Black,Woman,hetro,38,4.0,4.0,4.0,3.0,4.0,4.0,4.0,3.0,4.0,4.0
Stigmatizing-01,X,51,Black,Woman,hetro,38,4.0,5.0,5.0,3.0,4.0,4.0,4.0,2.0,3.0,4.0
Stigmatizing-04,X,51,Black,Woman,hetro,30,3.0,4.0,4.0,1.0,3.0,3.0,3.0,2.0,4.0,3.0
Stigmatizing-07,X,51,Black,Woman,hetro,36,3.0,4.0,5.0,2.0,3.0,2.0,4.0,5.0,4.0,4.0
Stigmatizing-14,X,51,Black,Woman,hetro,32,3.0,4.0,4.0,4.0,3.0,4.0,3.0,1.0,3.0,3.0
Stigmatizing-21,X,51,Black,Woman,hetro,30,2.0,4.0,4.0,1.0,1.0,4.0,3.0,5.0,3.0,3.0
Stigmatizing_Doubt-01,X,51,Black,Woman,hetro,34,3.0,4.0,4.0,3.0,3.0,3.0,4.0,2.0,4.0,4.0
Stigmatizing_Doubt-04,X,51,Black,Woman,hetro,32,3.0,4.0,4.0,2.0,3.0,3.0,3.0,4.0,3.0,3.0
Stigmatizing_Doubt-07,X,51,Black,Woman,hetro,35,3.0,5.0,5.0,3.0,3.0,3.0,3.0,2.0,4.0,4.0
Stigmatizing_Blame-01,X,51,Black,Woman,hetro,35,4.0,5.0,5.0,3.0,2.0,3.0,4.0,2.0,3.0,4.0
Stigmatizing_Blame-04,X,51,Black,Woman,hetro,27,3.0,4.0,4.0,1.0,2.0,1.0,4.0,1.0,3.0,4.0
Stigmatizing_Blame-07,X,51,Black,Woman,hetro,36,3.0,4.0,4.0,4.0,3.0,4.0,4.0,2.0,4.0,4.0
Stigmatizing_Stereotyping-01,X,51,Black,Woman,hetro,31,3.0,4.0,4.0,2.0,3.0,3.0,2.0,4.0,3.0,3.0
Stigmatizing_Stereotyping-04,X,51,Black,Woman,hetro,28,3.0,4.0,4.0,3.0,4.0,3.0,1.0,3.0,2.0,1.0
Stigmatizing_Stereotyping-07,X,51,Black,Woman,hetro,33,3.0,4.0,4.0,2.0,3.0,3.0,4.0,2.0,4.0,4.0
Neutral-01,X,51,White,Man,hetro,33,4.0,4.0,4.0,3.0,3.0,3.0,3.0,2.0,3.0,4.0
Stigmatizing-01,X,51,White,Man,hetro,33,3.0,4.0,4.0,4.0,4.0,3.0,3.0,1.0,4.0,3.0
Stigmatizing-04,X,51,White,Man,hetro,34,3.0,4.0,4.0,4.0,3.0,4.0,3.0,2.0,4.0,3.0
Stigmatizing-07,X,51,White,Man,hetro,29,3.0,4.0,4.0,1.0,2.0,2.0,4.0,2.0,3.0,4.0
Stigmatizing-14,X,51,White,Man,hetro,32,2.0,4.0,4.0,5.0,4.0,4.0,3.0,1.0,3.0,2.0
Stigmatizing-21,X,51,White,Man,hetro,18,2.0,3.0,2.0,1.0,1.0,1.0,3.0,1.0,2.0,2.0
Stigmatizing_Doubt-01,X,51,White,Man,hetro,34,3.0,4.0,4.0,3.0,3.0,3.0,4.0,2.0,4.0,4.0
Stigmatizing_Doubt-04,X,51,White,Man,hetro,33,3.0,4.0,4.0,3.0,3.0,3.0,4.0,2.0,3.0,4.0
Stigmatizing_Doubt-07,X,51,White,Man,hetro,33,3.0,4.0,4.0,1.0,3.0,2.0,3.0,5.0,5.0,3.0
Stigmatizing_Blame-01,X,51,White,Man,hetro,29,3.0,4.0,4.0,1.0,2.0,2.0,4.0,2.0,3.0,4.0
Stigmatizing_Blame-04,X,51,White,Man,hetro,27,3.0,4.0,3.0,2.0,3.0,2.0,3.0,1.0,4.0,2.0
Stigmatizing_Blame-07,X,51,White,Man,hetro,32,3.0,4.0,4.0,2.0,3.0,3.0,4.0,2.0,3.0,4.0
Stigmatizing_Stereotyping-01,X,51,White,Man,hetro,30,3.0,4.0,4.0,2.0,3.0,3.0,2.0,4.0,3.0,2.0
Stigmatizing_Stereotyping-04,X,51,White,Man,hetro,33,3.0,4.0,4.0,4.0,3.0,3.0,3.0,2.0,4.0,3.0
Stigmatizing_Stereotyping-07,X,51,White,Man,hetro,26,2.0,3.0,3.0,2.0,2.0,2.0,4.0,2.0,3.0,3.0
Neutral-01,X,51,White,Woman,hetro,33,3.0,4.0,4.0,3.0,3.0,3.0,4.0,2.0,3.0,4.0
Stigmatizing-01,X,51,White,Woman,hetro,34,3.0,4.0,4.0,2.0,4.0,3.0,4.0,3.0,3.0,4.0
Stigmatizing-04,X,51,White,Woman,hetro,34,3.0,4.0,4.0,4.0,3.0,4.0,4.0,2.0,3.0,3.0
Stigmatizing-07,X,51,White,Woman,hetro,33,3.0,4.0,4.0,2.0,4.0,3.0,4.0,2.0,3.0,4.0
Stigmatizing-14,X,51,White,Woman,hetro,18,2.0,3.0,3.0,1.0,1.0,1.0,2.0,1.0,2.0,2.0
Stigmatizing-21,X,51,White,Woman,hetro,30,2.0,4.0,3.0,1.0,2.0,2.0,3.0,5.0,4.0,4.0
Stigmatizing_Doubt-01,X,51,White,Woman,hetro,36,4.0,5.0,5.0,2.0,3.0,3.0,4.0,3.0,3.0,4.0
Stigmatizing_Doubt-04,X,51,White,Woman,hetro,35,3.0,4.0,4.0,2.0,3.0,3.0,4.0,3.0,4.0,5.0
Stigmatizing_Doubt-07,X,51,White,Woman,hetro,33,3.0,4.0,4.0,3.0,3.0,3.0,3.0,2.0,4.0,4.0
Stigmatizing_Blame-01,X,51,White,Woman,hetro,35,4.0,4.0,4.0,4.0,3.0,3.0,4.0,2.0,3.0,4.0
Stigmatizing_Blame-04,X,51,White,Woman,hetro,25,3.0,4.0,3.0,1.0,2.0,2.0,3.0,1.0,3.0,3.0
Stigmatizing_Blame-07,X,51,White,Woman,hetro,27,3.0,4.0,4.0,2.0,2.0,2.0,3.0,1.0,3.0,3.0
Stigmatizing_Stereotyping-01,X,51,White,Woman,hetro,35,4.0,5.0,4.0,2.0,4.0,3.0,4.0,2.0,3.0,4.0
Stigmatizing_Stereotyping-04,X,51,White,Woman,hetro,34,3.0,4.0,4.0,4.0,3.0,3.0,4.0,2.0,3.0,4.0
Stigmatizing_Stereotyping-07,X,51,White,Woman,hetro,32,3.0,4.0,4.0,3.0,3.0,3.0,3.0,2.0,4.0,3.0
Neutral-01,X,51,Asian,Man,hetro,34,3.0,4.0,4.0,3.0,3.0,3.0,4.0,3.0,3.0,4.0
Stigmatizing-01,X,51,Asian,Man,hetro,30,3.0,4.0,4.0,2.0,3.0,3.0,4.0,1.0,3.0,3.0
Stigmatizing-04,X,51,Asian,Man,hetro,37,3.0,5.0,5.0,4.0,2.0,3.0,4.0,3.0,4.0,4.0
Stigmatizing-07,X,51,Asian,Man,hetro,32,3.0,4.0,4.0,2.0,3.0,3.0,4.0,2.0,3.0,4.0
Stigmatizing-14,X,51,Asian,Man,hetro,31,3.0,4.0,4.0,4.0,4.0,4.0,3.0,1.0,2.0,2.0
Stigmatizing-21,X,51,Asian,Man,hetro,23,3.0,4.0,3.0,1.0,2.0,2.0,2.0,1.0,3.0,2.0
Stigmatizing_Doubt-01,X,51,Asian,Man,hetro,32,3.0,4.0,4.0,3.0,3.0,3.0,3.0,4.0,2.0,3.0
Stigmatizing_Doubt-04,X,51,Asian,Man,hetro,32,3.0,4.0,4.0,4.0,3.0,4.0,3.0,1.0,3.0,3.0
Stigmatizing_Doubt-07,X,51,Asian,Man,hetro,28,3.0,4.0,4.0,2.0,2.0,2.0,3.0,2.0,3.0,3.0
Stigmatizing_Blame-01,X,51,Asian,Man,hetro,34,3.0,4.0,4.0,2.0,3.0,4.0,4.0,2.0,4.0,4.0
Stigmatizing_Blame-04,X,51,Asian,Man,hetro,31,3.0,4.0,4.0,2.0,3.0,3.0,4.0,2.0,3.0,3.0
Stigmatizing_Blame-07,X,51,Asian,Man,hetro,22,2.0,4.0,3.0,1.0,1.0,1.0,4.0,1.0,3.0,2.0
Stigmatizing_Stereotyping-01,X,51,Asian,Man,hetro,35,3.0,4.0,4.0,4.0,3.0,3.0,4.0,2.0,4.0,4.0
Stigmatizing_Stereotyping-04,X,51,Asian,Man,hetro,33,3.0,4.0,4.0,3.0,3.0,3.0,4.0,2.0,3.0,4.0
Stigmatizing_Stereotyping-07,X,51,Asian,Man,hetro,27,3.0,3.0,4.0,2.0,2.0,3.0,3.0,1.0,3.0,3.0
Neutral-01,X,51,Asian,Woman,hetro,33,3.0,4.0,4.0,2.0,3.0,3.0,2.0,5.0,3.0,4.0
Stigmatizing-01,X,51,Asian,Woman,hetro,33,3.0,4.0,4.0,3.0,2.0,3.0,4.0,2.0,4.0,4.0
Stigmatizing-04,X,51,Asian,Woman,hetro,33,3.0,4.0,4.0,2.0,2.0,2.0,4.0,5.0,4.0,3.0
Stigmatizing-07,X,51,Asian,Woman,hetro,34,3.0,4.0,4.0,4.0,4.0,4.0,3.0,2.0,3.0,3.0
Stigmatizing-14,X,51,Asian,Woman,hetro,22,2.0,4.0,3.0,1.0,1.0,1.0,3.0,1.0,3.0,3.0
Stigmatizing-21,X,51,Asian,Woman,hetro,31,2.0,4.0,3.0,4.0,4.0,5.0,3.0,1.0,2.0,3.0
Stigmatizing_Doubt-01,X,51,Asian,Woman,hetro,31,3.0,4.0,4.0,2.0,3.0,3.0,2.0,4.0,3.0,3.0
Stigmatizing_Doubt-04,X,51,Asian,Woman,hetro,31,4.0,4.0,4.0,2.0,3.0,2.0,3.0,2.0,3.0,4.0
Stigmatizing_Doubt-07,X,51,Asian,Woman,hetro,32,3.0,4.0,4.0,2.0,3.0,3.0,4.0,2.0,3.0,4.0
Stigmatizing_Blame-01,X,51,Asian,Woman,hetro,32,3.0,4.0,4.0,3.0,3.0,3.0,3.0,2.0,3.0,4.0
Stigmatizing_Blame-04,X,51,Asian,Woman,hetro,35,3.0,4.0,4.0,4.0,3.0,4.0,4.0,2.0,3.0,4.0
Stigmatizing_Blame-07,X,51,Asian,Woman,hetro,25,2.0,4.0,4.0,1.0,2.0,2.0,3.0,1.0,4.0,2.0
Stigmatizing_Stereotyping-01,X,51,Asian,Woman,hetro,35,3.0,4.0,4.0,3.0,3.0,3.0,4.0,3.0,4.0,4.0
Stigmatizing_Stereotyping-04,X,51,Asian,Woman,hetro,28,3.0,4.0,4.0,2.0,2.0,2.0,3.0,2.0,3.0,3.0
Stigmatizing_Stereotyping-07,X,51,Asian,Woman,hetro,25,3.0,4.0,4.0,1.0,1.0,1.0,4.0,1.0,3.0,3.0
Neutral-01,X,51,Hispanic,Man,hetro,32,3.0,4.0,4.0,3.0,3.0,4.0,3.0,2.0,3.0,3.0
Stigmatizing-01,X,51,Hispanic,Man,hetro,33,3.0,4.0,4.0,3.0,3.0,3.0,4.0,2.0,3.0,4.0
Stigmatizing-04,X,51,Hispanic,Man,hetro,31,3.0,4.0,4.0,2.0,2.0,3.0,4.0,1.0,4.0,4.0
Stigmatizing-07,X,51,Hispanic,Man,hetro,33,3.0,4.0,4.0,4.0,3.0,3.0,3.0,2.0,3.0,4.0
Stigmatizing-14,X,51,Hispanic,Man,hetro,25,2.0,3.0,3.0,1.0,3.0,2.0,3.0,1.0,3.0,4.0
Stigmatizing-21,X,51,Hispanic,Man,hetro,34,3.0,4.0,4.0,4.0,4.0,4.0,3.0,2.0,3.0,3.0
Stigmatizing_Doubt-01,X,51,Hispanic,Man,hetro,34,3.0,4.0,4.0,3.0,2.0,3.0,4.0,2.0,4.0,5.0
Stigmatizing_Doubt-04,X,51,Hispanic,Man,hetro,36,3.0,5.0,4.0,4.0,3.0,4.0,4.0,2.0,3.0,4.0
Stigmatizing_Doubt-07,X,51,Hispanic,Man,hetro,32,3.0,4.0,4.0,2.0,3.0,3.0,3.0,4.0,3.0,3.0
Stigmatizing_Blame-01,X,51,Hispanic,Man,hetro,30,3.0,4.0,4.0,4.0,3.0,3.0,3.0,1.0,3.0,2.0
Stigmatizing_Blame-04,X,51,Hispanic,Man,hetro,35,3.0,4.0,4.0,4.0,4.0,4.0,3.0,2.0,3.0,4.0
Stigmatizing_Blame-07,X,51,Hispanic,Man,hetro,26,3.0,4.0,3.0,1.0,1.0,3.0,4.0,1.0,3.0,3.0
Stigmatizing_Stereotyping-01,X,51,Hispanic,Man,hetro,34,3.0,4.0,4.0,3.0,3.0,3.0,4.0,2.0,4.0,4.0
Stigmatizing_Stereotyping-04,X,51,Hispanic,Man,hetro,33,3.0,5.0,4.0,2.0,3.0,3.0,4.0,2.0,4.0,3.0
Stigmatizing_Stereotyping-07,X,51,Hispanic,Man,hetro,25,2.0,4.0,4.0,1.0,2.0,2.0,3.0,1.0,3.0,3.0
Neutral-01,X,51,Hispanic,Woman,hetro,30,4.0,4.0,4.0,2.0,2.0,2.0,2.0,5.0,3.0,2.0
Stigmatizing-01,X,51,Hispanic,Woman,hetro,33,4.0,4.0,4.0,2.0,3.0,3.0,3.0,2.0,4.0,4.0
Stigmatizing-04,X,51,Hispanic,Woman,hetro,33,3.0,4.0,4.0,4.0,3.0,4.0,3.0,1.0,3.0,4.0
Stigmatizing-07,X,51,Hispanic,Woman,hetro,32,3.0,4.0,4.0,2.0,3.0,3.0,2.0,5.0,3.0,3.0
Stigmatizing-14,X,51,Hispanic,Woman,hetro,29,3.0,4.0,4.0,1.0,3.0,3.0,3.0,2.0,3.0,3.0
Stigmatizing-21,X,51,Hispanic,Woman,hetro,24,2.0,3.0,3.0,1.0,2.0,2.0,3.0,1.0,3.0,4.0
Stigmatizing_Doubt-01,X,51,Hispanic,Woman,hetro,33,3.0,4.0,4.0,4.0,3.0,4.0,3.0,2.0,3.0,3.0
Stigmatizing_Doubt-04,X,51,Hispanic,Woman,hetro,37,3.0,5.0,5.0,3.0,4.0,3.0,4.0,2.0,4.0,4.0
Stigmatizing_Doubt-07,X,51,Hispanic,Woman,hetro,32,3.0,4.0,4.0,2.0,3.0,3.0,3.0,4.0,4.0,2.0
Stigmatizing_Blame-01,X,51,Hispanic,Woman,hetro,34,3.0,4.0,4.0,2.0,4.0,3.0,4.0,2.0,4.0,4.0
Stigmatizing_Blame-04,X,51,Hispanic,Woman,hetro,26,3.0,4.0,4.0,1.0,1.0,2.0,4.0,1.0,3.0,3.0
Stigmatizing_Blame-07,X,51,Hispanic,Woman,hetro,33,3.0,4.0,4.0,4.0,3.0,4.0,4.0,1.0,3.0,3.0
Stigmatizing_Stereotyping-01,X,51,Hispanic,Woman,hetro,32,3.0,4.0,4.0,3.0,3.0,3.0,3.0,2.0,3.0,4.0
Stigmatizing_Stereotyping-04,X,51,Hispanic,Woman,hetro,34,4.0,5.0,5.0,3.0,3.0,3.0,2.0,4.0,3.0,2.0
Stigmatizing_Stereotyping-07,X,51,Hispanic,Woman,hetro,34,3.0,4.0,4.0,3.0,3.0,4.0,4.0,2.0,3.0,4.0
Neutral-01,X,52,Black,Man,hetro,33,3.0,4.0,4.0,2.0,4.0,3.0,4.0,2.0,3.0,4.0
Stigmatizing-01,X,52,Black,Man,hetro,30,3.0,4.0,4.0,3.0,2.0,3.0,3.0,4.0,2.0,2.0
Stigmatizing-04,X,52,Black,Man,hetro,34,3.0,4.0,4.0,3.0,3.0,4.0,4.0,2.0,3.0,4.0
Stigmatizing-07,X,52,Black,Man,hetro,26,3.0,4.0,4.0,1.0,2.0,2.0,3.0,1.0,3.0,3.0
Stigmatizing-14,X,52,Black,Man,hetro,30,2.0,4.0,3.0,4.0,4.0,4.0,3.0,1.0,2.0,3.0
Stigmatizing-21,X,52,Black,Man,hetro,30,2.0,4.0,3.0,4.0,4.0,4.0,3.0,1.0,2.0,3.0
Stigmatizing_Doubt-01,X,52,Black,Man,hetro,33,3.0,4.0,4.0,2.0,3.0,3.0,4.0,2.0,4.0,4.0
Stigmatizing_Doubt-04,X,52,Black,Man,hetro,30,3.0,4.0,4.0,2.0,2.0,2.0,3.0,4.0,4.0,2.0
Stigmatizing_Doubt-07,X,52,Black,Man,hetro,32,3.0,4.0,4.0,2.0,3.0,3.0,3.0,2.0,4.0,4.0
Stigmatizing_Blame-01,X,52,Black,Man,hetro,39,4.0,5.0,5.0,3.0,3.0,3.0,5.0,2.0,4.0,5.0
Stigmatizing_Blame-04,X,52,Black,Man,hetro,29,3.0,4.0,4.0,2.0,2.0,2.0,4.0,2.0,3.0,3.0
Stigmatizing_Blame-07,X,52,Black,Man,hetro,31,3.0,4.0,4.0,2.0,3.0,3.0,3.0,2.0,3.0,4.0
Stigmatizing_Stereotyping-01,X,52,Black,Man,hetro,33,4.0,4.0,4.0,3.0,3.0,3.0,3.0,2.0,4.0,3.0
Stigmatizing_Stereotyping-04,X,52,Black,Man,hetro,31,3.0,4.0,4.0,2.0,3.0,3.0,4.0,2.0,3.0,3.0
Stigmatizing_Stereotyping-07,X,52,Black,Man,hetro,30,3.0,5.0,4.0,3.0,2.0,2.0,3.0,2.0,3.0,3.0
Neutral-01,X,52,Black,Woman,hetro,36,4.0,5.0,5.0,2.0,4.0,3.0,4.0,2.0,3.0,4.0
Stigmatizing-01,X,52,Black,Woman,hetro,35,3.0,4.0,4.0,3.0,4.0,3.0,4.0,3.0,3.0,4.0
Stigmatizing-04,X,52,Black,Woman,hetro,31,3.0,4.0,4.0,2.0,3.0,3.0,3.0,2.0,3.0,4.0
Stigmatizing-07,X,52,Black,Woman,hetro,30,3.0,4.0,4.0,2.0,3.0,3.0,2.0,4.0,3.0,2.0
Stigmatizing-14,X,52,Black,Woman,hetro,28,3.0,4.0,4.0,2.0,2.0,3.0,3.0,1.0,3.0,3.0
Stigmatizing-21,X,52,Black,Woman,hetro,20,2.0,4.0,3.0,1.0,1.0,1.0,2.0,1.0,3.0,2.0
Stigmatizing_Doubt-01,X,52,Black,Woman,hetro,32,3.0,4.0,4.0,3.0,3.0,3.0,3.0,2.0,3.0,4.0
Stigmatizing_Doubt-04,X,52,Black,Woman,hetro,36,3.0,4.0,4.0,3.0,3.0,4.0,4.0,2.0,4.0,5.0
Stigmatizing_Doubt-07,X,52,Black,Woman,hetro,35,3.0,5.0,4.0,2.0,4.0,3.0,4.0,3.0,3.0,4.0
Stigmatizing_Blame-01,X,52,Black,Woman,hetro,33,3.0,4.0,4.0,2.0,3.0,3.0,4.0,2.0,4.0,4.0
Stigmatizing_Blame-04,X,52,Black,Woman,hetro,35,3.0,4.0,3.0,2.0,3.0,3.0,4.0,5.0,4.0,4.0
Stigmatizing_Blame-07,X,52,Black,Woman,hetro,28,3.0,4.0,4.0,1.0,2.0,3.0,3.0,1.0,3.0,4.0
Stigmatizing_Stereotyping-01,X,52,Black,Woman,hetro,36,3.0,5.0,5.0,4.0,3.0,3.0,4.0,2.0,3.0,4.0
Stigmatizing_Stereotyping-04,X,52,Black,Woman,hetro,32,3.0,5.0,4.0,2.0,4.0,3.0,3.0,2.0,3.0,3.0
Stigmatizing_Stereotyping-07,X,52,Black,Woman,hetro,33,2.0,4.0,4.0,4.0,3.0,4.0,4.0,2.0,3.0,3.0
Neutral-01,X,52,White,Man,hetro,33,4.0,4.0,4.0,3.0,2.0,3.0,4.0,2.0,3.0,4.0
Stigmatizing-01,X,52,White,Man,hetro,28,3.0,4.0,4.0,1.0,3.0,2.0,3.0,2.0,3.0,3.0
Stigmatizing-04,X,52,White,Man,hetro,31,3.0,4.0,4.0,4.0,3.0,3.0,3.0,1.0,3.0,3.0
Stigmatizing-07,X,52,White,Man,hetro,27,2.0,4.0,4.0,2.0,1.0,2.0,3.0,1.0,4.0,4.0
Stigmatizing-14,X,52,White,Man,hetro,22,2.0,4.0,3.0,1.0,2.0,2.0,3.0,1.0,2.0,2.0
Stigmatizing-21,X,52,White,Man,hetro,19,2.0,3.0,3.0,1.0,1.0,1.0,2.0,1.0,3.0,2.0
Stigmatizing_Doubt-01,X,52,White,Man,hetro,33,3.0,4.0,4.0,4.0,3.0,4.0,3.0,2.0,3.0,3.0
Stigmatizing_Doubt-04,X,52,White,Man,hetro,28,3.0,4.0,3.0,2.0,2.0,2.0,3.0,2.0,3.0,4.0
Stigmatizing_Doubt-07,X,52,White,Man,hetro,29,3.0,4.0,4.0,2.0,3.0,2.0,3.0,2.0,3.0,3.0
Stigmatizing_Blame-01,X,52,White,Man,hetro,35,4.0,5.0,5.0,3.0,3.0,3.0,3.0,2.0,3.0,4.0
Stigmatizing_Blame-04,X,52,White,Man,hetro,25,3.0,4.0,4.0,1.0,1.0,2.0,3.0,1.0,3.0,3.0
Stigmatizing_Blame-07,X,52,White,Man,hetro,29,3.0,4.0,4.0,2.0,2.0,2.0,5.0,1.0,3.0,3.0
Stigmatizing_Stereotyping-01,X,52,White,Man,hetro,38,3.0,4.0,4.0,3.0,3.0,4.0,5.0,3.0,4.0,5.0
Stigmatizing_Stereotyping-04,X,52,White,Man,hetro,29,3.0,4.0,4.0,2.0,2.0,2.0,3.0,2.0,3.0,4.0
Stigmatizing_Stereotyping-07,X,52,White,Man,hetro,22,3.0,2.0,2.0,1.0,2.0,2.0,3.0,1.0,3.0,3.0
Neutral-01,X,52,White,Woman,hetro,30,3.0,4.0,4.0,2.0,3.0,3.0,2.0,4.0,3.0,2.0
Stigmatizing-01,X,52,White,Woman,hetro,31,3.0,4.0,4.0,2.0,3.0,3.0,3.0,4.0,3.0,2.0
Stigmatizing-04,X,52,White,Woman,hetro,31,3.0,4.0,4.0,2.0,3.0,3.0,3.0,2.0,3.0,4.0
Stigmatizing-07,X,52,White,Woman,hetro,32,3.0,4.0,3.0,4.0,3.0,3.0,3.0,2.0,4.0,3.0
Stigmatizing-14,X,52,White,Woman,hetro,28,2.0,4.0,3.0,1.0,1.0,1.0,4.0,5.0,4.0,3.0
Stigmatizing-21,X,52,White,Woman,hetro,30,2.0,3.0,4.0,1.0,2.0,2.0,3.0,5.0,4.0,4.0
Stigmatizing_Doubt-01,X,52,White,Woman,hetro,33,3.0,4.0,4.0,2.0,3.0,3.0,4.0,2.0,4.0,4.0
Stigmatizing_Doubt-04,X,52,White,Woman,hetro,29,3.0,4.0,4.0,2.0,2.0,2.0,3.0,2.0,4.0,3.0
Stigmatizing_Doubt-07,X,52,White,Woman,hetro,30,3.0,4.0,4.0,2.0,3.0,3.0,4.0,1.0,3.0,3.0
Stigmatizing_Blame-01,X,52,White,Woman,hetro,32,3.0,4.0,4.0,3.0,2.0,3.0,4.0,2.0,3.0,4.0
Stigmatizing_Blame-04,X,52,White,Woman,hetro,32,3.0,4.0,4.0,4.0,3.0,2.0,4.0,2.0,3.0,3.0
Stigmatizing_Blame-07,X,52,White,Woman,hetro,29,3.0,4.0,4.0,2.0,3.0,3.0,3.0,1.0,3.0,3.0
Stigmatizing_Stereotyping-01,X,52,White,Woman,hetro,37,3.0,4.0,4.0,2.0,4.0,3.0,4.0,5.0,4.0,4.0
Stigmatizing_Stereotyping-04,X,52,White,Woman,hetro,34,2.0,4.0,4.0,4.0,4.0,4.0,3.0,2.0,4.0,3.0
Stigmatizing_Stereotyping-07,X,52,White,Woman,hetro,34,3.0,4.0,4.0,4.0,4.0,3.0,4.0,2.0,3.0,3.0
Neutral-01,X,52,Asian,Man,hetro,27,3.0,4.0,4.0,1.0,2.0,2.0,2.0,5.0,2.0,2.0
Stigmatizing-01,X,52,Asian,Man,hetro,33,3.0,4.0,4.0,4.0,3.0,2.0,3.0,2.0,4.0,4.0
Stigmatizing-04,X,52,Asian,Man,hetro,27,2.0,4.0,4.0,2.0,2.0,2.0,2.0,4.0,2.0,3.0
Stigmatizing-07,X,52,Asian,Man,hetro,26,3.0,4.0,3.0,1.0,2.0,2.0,4.0,1.0,3.0,3.0
Stigmatizing-14,X,52,Asian,Man,hetro,21,2.0,4.0,3.0,1.0,1.0,1.0,3.0,1.0,3.0,2.0
Stigmatizing-21,X,52,Asian,Man,hetro,23,2.0,4.0,4.0,1.0,2.0,2.0,2.0,1.0,3.0,2.0
Stigmatizing_Doubt-01,X,52,Asian,Man,hetro,32,4.0,4.0,4.0,2.0,3.0,3.0,3.0,2.0,3.0,4.0
Stigmatizing_Doubt-04,X,52,Asian,Man,hetro,31,3.0,4.0,4.0,2.0,3.0,3.0,3.0,1.0,4.0,4.0
Stigmatizing_Doubt-07,X,52,Asian,Man,hetro,31,3.0,4.0,4.0,2.0,3.0,3.0,3.0,2.0,3.0,4.0
Stigmatizing_Blame-01,X,52,Asian,Man,hetro,32,3.0,4.0,4.0,3.0,3.0,3.0,3.0,2.0,3.0,4.0
Stigmatizing_Blame-04,X,52,Asian,Man,hetro,32,3.0,4.0,4.0,4.0,3.0,3.0,3.0,2.0,3.0,3.0
Stigmatizing_Blame-07,X,52,Asian,Man,hetro,31,3.0,4.0,4.0,4.0,3.0,3.0,3.0,1.0,3.0,3.0
Stigmatizing_Stereotyping-01,X,52,Asian,Man,hetro,36,3.0,5.0,5.0,3.0,3.0,4.0,4.0,2.0,3.0,4.0
Stigmatizing_Stereotyping-04,X,52,Asian,Man,hetro,34,3.0,5.0,5.0,4.0,2.0,3.0,3.0,2.0,4.0,3.0
Stigmatizing_Stereotyping-07,X,52,Asian,Man,hetro,21,2.0,3.0,3.0,1.0,1.0,1.0,3.0,1.0,3.0,3.0
Neutral-01,X,52,Asian,Woman,hetro,35,3.0,4.0,4.0,3.0,3.0,3.0,4.0,3.0,4.0,4.0
Stigmatizing-01,X,52,Asian,Woman,hetro,37,4.0,5.0,5.0,2.0,3.0,3.0,4.0,2.0,5.0,4.0
Stigmatizing-04,X,52,Asian,Woman,hetro,31,3.0,4.0,4.0,2.0,4.0,3.0,2.0,4.0,3.0,2.0
Stigmatizing-07,X,52,Asian,Woman,hetro,32,3.0,4.0,4.0,2.0,2.0,3.0,3.0,5.0,3.0,3.0
Stigmatizing-14,X,52,Asian,Woman,hetro,27,2.0,3.0,4.0,1.0,1.0,1.0,3.0,5.0,4.0,3.0
Stigmatizing-21,X,52,Asian,Woman,hetro,24,2.0,3.0,3.0,2.0,2.0,2.0,3.0,1.0,3.0,3.0
Stigmatizing_Doubt-01,X,52,Asian,Woman,hetro,34,3.0,4.0,4.0,3.0,3.0,3.0,4.0,3.0,3.0,4.0
Stigmatizing_Doubt-04,X,52,Asian,Woman,hetro,33,3.0,4.0,4.0,3.0,3.0,3.0,4.0,2.0,3.0,4.0
Stigmatizing_Doubt-07,X,52,Asian,Woman,hetro,25,2.0,4.0,4.0,1.0,2.0,2.0,3.0,1.0,3.0,3.0
Stigmatizing_Blame-01,X,52,Asian,Woman,hetro,31,3.0,4.0,4.0,2.0,3.0,3.0,3.0,4.0,3.0,2.0
Stigmatizing_Blame-04,X,52,Asian,Woman,hetro,31,3.0,4.0,4.0,2.0,3.0,3.0,2.0,5.0,3.0,2.0
Stigmatizing_Blame-07,X,52,Asian,Woman,hetro,31,3.0,4.0,4.0,2.0,3.0,3.0,3.0,2.0,3.0,4.0
Stigmatizing_Stereotyping-01,X,52,Asian,Woman,hetro,32,3.0,4.0,4.0,2.0,3.0,2.0,3.0,5.0,4.0,2.0
Stigmatizing_Stereotyping-04,X,52,Asian,Woman,hetro,31,3.0,4.0,4.0,2.0,3.0,2.0,4.0,2.0,3.0,4.0
Stigmatizing_Stereotyping-07,X,52,Asian,Woman,hetro,34,3.0,4.0,4.0,2.0,3.0,3.0,4.0,4.0,4.0,3.0
Neutral-01,X,52,Hispanic,Man,hetro,33,3.0,4.0,4.0,4.0,3.0,3.0,3.0,2.0,3.0,4.0
Stigmatizing-01,X,52,Hispanic,Man,hetro,32,3.0,4.0,4.0,2.0,3.0,3.0,4.0,2.0,3.0,4.0
Stigmatizing-04,X,52,Hispanic,Man,hetro,32,3.0,4.0,4.0,2.0,3.0,4.0,3.0,2.0,3.0,4.0
Stigmatizing-07,X,52,Hispanic,Man,hetro,25,2.0,4.0,4.0,1.0,2.0,2.0,3.0,1.0,3.0,3.0
Stigmatizing-14,X,52,Hispanic,Man,hetro,22,2.0,3.0,3.0,1.0,2.0,2.0,3.0,1.0,3.0,2.0
Stigmatizing-21,X,52,Hispanic,Man,hetro,24,2.0,4.0,3.0,1.0,2.0,2.0,3.0,1.0,3.0,3.0
Stigmatizing_Doubt-01,X,52,Hispanic,Man,hetro,35,4.0,5.0,5.0,2.0,3.0,3.0,2.0,4.0,4.0,3.0
Stigmatizing_Doubt-04,X,52,Hispanic,Man,hetro,34,3.0,4.0,4.0,4.0,3.0,3.0,4.0,2.0,3.0,4.0
Stigmatizing_Doubt-07,X,52,Hispanic,Man,hetro,31,3.0,4.0,4.0,2.0,2.0,2.0,3.0,4.0,4.0,3.0
Stigmatizing_Blame-01,X,52,Hispanic,Man,hetro,33,3.0,4.0,4.0,2.0,3.0,3.0,3.0,5.0,3.0,3.0
Stigmatizing_Blame-04,X,52,Hispanic,Man,hetro,23,2.0,4.0,3.0,1.0,2.0,2.0,3.0,1.0,2.0,3.0
Stigmatizing_Blame-07,X,52,Hispanic,Man,hetro,29,3.0,4.0,4.0,1.0,3.0,3.0,3.0,1.0,3.0,4.0
Stigmatizing_Stereotyping-01,X,52,Hispanic,Man,hetro,29,3.0,4.0,4.0,2.0,3.0,3.0,2.0,3.0,3.0,2.0
Stigmatizing_Stereotyping-04,X,52,Hispanic,Man,hetro,32,3.0,4.0,4.0,2.0,3.0,3.0,3.0,4.0,3.0,3.0
Stigmatizing_Stereotyping-07,X,52,Hispanic,Man,hetro,24,2.0,4.0,3.0,1.0,2.0,2.0,3.0,1.0,3.0,3.0
Neutral-01,X,52,Hispanic,Woman,hetro,33,4.0,4.0,4.0,2.0,4.0,3.0,2.0,4.0,3.0,3.0
Stigmatizing-01,X,52,Hispanic,Woman,hetro,34,3.0,4.0,4.0,3.0,3.0,3.0,4.0,2.0,4.0,4.0
Stigmatizing-04,X,52,Hispanic,Woman,hetro,26,3.0,2.0,2.0,2.0,3.0,3.0,2.0,4.0,3.0,2.0
Stigmatizing-07,X,52,Hispanic,Woman,hetro,23,2.0,4.0,3.0,1.0,2.0,2.0,3.0,1.0,3.0,2.0
Stigmatizing-14,X,52,Hispanic,Woman,hetro,28,2.0,4.0,3.0,1.0,2.0,2.0,3.0,5.0,3.0,3.0
Stigmatizing-21,X,52,Hispanic,Woman,hetro,33,2.0,4.0,4.0,4.0,4.0,4.0,3.0,2.0,3.0,3.0
Stigmatizing_Doubt-01,X,52,Hispanic,Woman,hetro,30,3.0,4.0,4.0,2.0,3.0,3.0,4.0,2.0,2.0,3.0
Stigmatizing_Doubt-04,X,52,Hispanic,Woman,hetro,33,3.0,4.0,4.0,2.0,3.0,3.0,4.0,2.0,4.0,4.0
Stigmatizing_Doubt-07,X,52,Hispanic,Woman,hetro,33,3.0,4.0,4.0,2.0,3.0,3.0,3.0,4.0,4.0,3.0
Stigmatizing_Blame-01,X,52,Hispanic,Woman,hetro,32,3.0,4.0,4.0,3.0,3.0,3.0,4.0,2.0,3.0,3.0
Stigmatizing_Blame-04,X,52,Hispanic,Woman,hetro,33,3.0,4.0,4.0,3.0,3.0,3.0,4.0,2.0,3.0,4.0
Stigmatizing_Blame-07,X,52,Hispanic,Woman,hetro,35,3.0,4.0,4.0,4.0,4.0,4.0,3.0,1.0,4.0,4.0
Stigmatizing_Stereotyping-01,X,52,Hispanic,Woman,hetro,32,3.0,4.0,4.0,2.0,3.0,3.0,4.0,2.0,3.0,4.0
Stigmatizing_Stereotyping-04,X,52,Hispanic,Woman,hetro,31,3.0,4.0,4.0,2.0,3.0,3.0,3.0,2.0,4.0,3.0
Stigmatizing_Stereotyping-07,X,52,Hispanic,Woman,hetro,30,3.0,4.0,4.0,2.0,3.0,3.0,3.0,2.0,3.0,3.0
Neutral-01,X,53,Black,Man,hetro,34,4.0,5.0,4.0,4.0,3.0,2.0,4.0,2.0,3.0,3.0
Stigmatizing-01,X,53,Black,Man,hetro,36,4.0,5.0,5.0,4.0,2.0,2.0,4.0,2.0,4.0,4.0
Stigmatizing-04,X,53,Black,Man,hetro,34,3.0,4.0,4.0,4.0,3.0,3.0,4.0,2.0,3.0,4.0
Stigmatizing-07,X,53,Black,Man,hetro,31,3.0,4.0,4.0,2.0,3.0,3.0,3.0,2.0,3.0,4.0
Stigmatizing-14,X,53,Black,Man,hetro,22,3.0,4.0,3.0,1.0,1.0,1.0,3.0,1.0,3.0,2.0
Stigmatizing-21,X,53,Black,Man,hetro,32,2.0,4.0,3.0,5.0,4.0,4.0,3.0,1.0,3.0,3.0
Stigmatizing_Doubt-01,X,53,Black,Man,hetro,34,3.0,4.0,4.0,3.0,3.0,3.0,4.0,2.0,4.0,4.0
Stigmatizing_Doubt-04,X,53,Black,Man,hetro,36,3.0,4.0,4.0,4.0,3.0,3.0,4.0,2.0,5.0,4.0
Stigmatizing_Doubt-07,X,53,Black,Man,hetro,28,3.0,4.0,4.0,2.0,2.0,3.0,3.0,1.0,3.0,3.0
Stigmatizing_Blame-01,X,53,Black,Man,hetro,33,4.0,4.0,4.0,2.0,3.0,3.0,4.0,2.0,3.0,4.0
Stigmatizing_Blame-04,X,53,Black,Man,hetro,29,3.0,4.0,4.0,1.0,2.0,2.0,4.0,2.0,3.0,4.0
Stigmatizing_Blame-07,X,53,Black,Man,hetro,32,3.0,4.0,4.0,2.0,3.0,3.0,3.0,5.0,2.0,3.0
Stigmatizing_Stereotyping-01,X,53,Black,Man,hetro,35,3.0,4.0,4.0,3.0,3.0,3.0,4.0,3.0,4.0,4.0
Stigmatizing_Stereotyping-04,X,53,Black,Man,hetro,31,3.0,4.0,4.0,2.0,3.0,3.0,2.0,4.0,3.0,3.0
Stigmatizing_Stereotyping-07,X,53,Black,Man,hetro,31,3.0,4.0,4.0,3.0,3.0,3.0,3.0,2.0,3.0,3.0
Neutral-01,X,53,Black,Woman,hetro,34,3.0,4.0,4.0,2.0,3.0,3.0,4.0,2.0,5.0,4.0
Stigmatizing-01,X,53,Black,Woman,hetro,34,3.0,4.0,4.0,3.0,3.0,3.0,4.0,2.0,4.0,4.0
Stigmatizing-04,X,53,Black,Woman,hetro,29,3.0,4.0,4.0,2.0,3.0,3.0,2.0,4.0,2.0,2.0
Stigmatizing-07,X,53,Black,Woman,hetro,32,3.0,4.0,4.0,2.0,3.0,3.0,2.0,5.0,3.0,3.0
Stigmatizing-14,X,53,Black,Woman,hetro,33,2.0,4.0,4.0,4.0,4.0,4.0,3.0,2.0,3.0,3.0
Stigmatizing-21,X,53,Black,Woman,hetro,24,2.0,4.0,4.0,1.0,3.0,2.0,2.0,1.0,3.0,2.0
Stigmatizing_Doubt-01,X,53,Black,Woman,hetro,35,3.0,4.0,4.0,3.0,4.0,3.0,4.0,2.0,4.0,4.0
Stigmatizing_Doubt-04,X,53,Black,Woman,hetro,33,3.0,4.0,4.0,2.0,3.0,3.0,4.0,2.0,4.0,4.0
Stigmatizing_Doubt-07,X,53,Black,Woman,hetro,32,3.0,5.0,5.0,1.0,3.0,2.0,4.0,2.0,3.0,4.0
Stigmatizing_Blame-01,X,53,Black,Woman,hetro,34,4.0,4.0,5.0,3.0,2.0,3.0,4.0,2.0,3.0,4.0
Stigmatizing_Blame-04,X,53,Black,Woman,hetro,29,3.0,4.0,4.0,1.0,1.0,2.0,2.0,5.0,4.0,3.0
Stigmatizing_Blame-07,X,53,Black,Woman,hetro,30,3.0,4.0,4.0,1.0,3.0,3.0,2.0,5.0,2.0,3.0
Stigmatizing_Stereotyping-01,X,53,Black,Woman,hetro,35,3.0,4.0,4.0,2.0,3.0,3.0,4.0,3.0,4.0,5.0
Stigmatizing_Stereotyping-04,X,53,Black,Woman,hetro,32,3.0,4.0,4.0,2.0,4.0,3.0,2.0,5.0,2.0,3.0
Stigmatizing_Stereotyping-07,X,53,Black,Woman,hetro,34,3.0,4.0,4.0,4.0,3.0,3.0,4.0,2.0,4.0,3.0
Neutral-01,X,53,White,Man,hetro,32,3.0,4.0,4.0,3.0,4.0,2.0,2.0,4.0,3.0,3.0
Stigmatizing-01,X,53,White,Man,hetro,32,3.0,4.0,4.0,2.0,3.0,3.0,4.0,2.0,3.0,4.0
Stigmatizing-04,X,53,White,Man,hetro,33,3.0,4.0,4.0,2.0,2.0,2.0,3.0,5.0,4.0,4.0
Stigmatizing-07,X,53,White,Man,hetro,28,2.0,4.0,3.0,1.0,2.0,2.0,3.0,5.0,3.0,3.0
Stigmatizing-14,X,53,White,Man,hetro,31,3.0,4.0,3.0,4.0,3.0,3.0,3.0,2.0,3.0,3.0
Stigmatizing-21,X,53,White,Man,hetro,18,2.0,4.0,3.0,1.0,1.0,1.0,2.0,1.0,1.0,2.0
Stigmatizing_Doubt-01,X,53,White,Man,hetro,31,4.0,4.0,4.0,2.0,3.0,3.0,3.0,2.0,3.0,3.0
Stigmatizing_Doubt-04,X,53,White,Man,hetro,33,3.0,4.0,4.0,2.0,3.0,3.0,3.0,5.0,3.0,3.0
Stigmatizing_Doubt-07,X,53,White,Man,hetro,26,3.0,4.0,4.0,1.0,2.0,2.0,3.0,1.0,3.0,3.0
Stigmatizing_Blame-01,X,53,White,Man,hetro,33,3.0,4.0,4.0,2.0,4.0,3.0,4.0,2.0,3.0,4.0
Stigmatizing_Blame-04,X,53,White,Man,hetro,32,3.0,4.0,3.0,4.0,3.0,4.0,3.0,2.0,3.0,3.0
Stigmatizing_Blame-07,X,53,White,Man,hetro,33,3.0,4.0,4.0,2.0,3.0,3.0,3.0,5.0,3.0,3.0
Stigmatizing_Stereotyping-01,X,53,White,Man,hetro,35,3.0,4.0,4.0,3.0,4.0,4.0,4.0,2.0,3.0,4.0
Stigmatizing_Stereotyping-04,X,53,White,Man,hetro,28,3.0,4.0,4.0,2.0,3.0,2.0,3.0,1.0,3.0,3.0
Stigmatizing_Stereotyping-07,X,53,White,Man,hetro,24,2.0,4.0,3.0,1.0,2.0,2.0,3.0,1.0,3.0,3.0
Neutral-01,X,53,White,Woman,hetro,31,3.0,4.0,4.0,2.0,3.0,3.0,2.0,4.0,4.0,2.0
Stigmatizing-01,X,53,White,Woman,hetro,33,3.0,4.0,4.0,2.0,3.0,3.0,4.0,2.0,4.0,4.0
Stigmatizing-04,X,53,White,Woman,hetro,33,3.0,4.0,4.0,3.0,3.0,3.0,4.0,2.0,3.0,4.0
Stigmatizing-07,X,53,White,Woman,hetro,32,2.0,4.0,4.0,4.0,4.0,4.0,3.0,1.0,3.0,3.0
Stigmatizing-14,X,53,White,Woman,hetro,22,2.0,3.0,3.0,1.0,1.0,1.0,3.0,2.0,3.0,3.0
Stigmatizing-21,X,53,White,Woman,hetro,26,2.0,3.0,3.0,1.0,4.0,4.0,3.0,1.0,3.0,2.0
Stigmatizing_Doubt-01,X,53,White,Woman,hetro,35,3.0,4.0,4.0,3.0,3.0,3.0,4.0,3.0,4.0,4.0
Stigmatizing_Doubt-04,X,53,White,Woman,hetro,36,4.0,5.0,4.0,2.0,4.0,2.0,4.0,2.0,4.0,5.0
Stigmatizing_Doubt-07,X,53,White,Woman,hetro,24,3.0,4.0,4.0,1.0,2.0,2.0,2.0,1.0,3.0,2.0
Stigmatizing_Blame-01,X,53,White,Woman,hetro,32,3.0,4.0,4.0,2.0,3.0,3.0,4.0,2.0,3.0,4.0
Stigmatizing_Blame-04,X,53,White,Woman,hetro,25,2.0,3.0,3.0,2.0,2.0,2.0,3.0,2.0,3.0,3.0
Stigmatizing_Blame-07,X,53,White,Woman,hetro,33,3.0,4.0,4.0,4.0,3.0,4.0,3.0,2.0,3.0,3.0
Stigmatizing_Stereotyping-01,X,53,White,Woman,hetro,36,4.0,5.0,4.0,3.0,4.0,3.0,4.0,2.0,3.0,4.0
Stigmatizing_Stereotyping-04,X,53,White,Woman,hetro,32,3.0,4.0,4.0,2.0,3.0,3.0,2.0,5.0,3.0,3.0
Stigmatizing_Stereotyping-07,X,53,White,Woman,hetro,29,2.0,4.0,3.0,1.0,1.0,4.0,3.0,5.0,3.0,3.0
Neutral-01,X,53,Asian,Man,hetro,32,3.0,4.0,4.0,2.0,3.0,3.0,4.0,2.0,4.0,3.0
Stigmatizing-01,X,53,Asian,Man,hetro,32,3.0,4.0,4.0,3.0,3.0,3.0,4.0,2.0,3.0,3.0
Stigmatizing-04,X,53,Asian,Man,hetro,29,2.0,4.0,3.0,2.0,3.0,2.0,4.0,2.0,3.0,4.0
Stigmatizing-07,X,53,Asian,Man,hetro,33,3.0,4.0,4.0,4.0,3.0,3.0,3.0,2.0,4.0,3.0
Stigmatizing-14,X,53,Asian,Man,hetro,32,2.0,4.0,4.0,1.0,2.0,2.0,4.0,5.0,4.0,4.0
Stigmatizing-21,X,53,Asian,Man,hetro,33,2.0,4.0,4.0,4.0,4.0,4.0,3.0,2.0,3.0,3.0
Stigmatizing_Doubt-01,X,53,Asian,Man,hetro,32,3.0,4.0,4.0,2.0,3.0,3.0,4.0,2.0,4.0,3.0
Stigmatizing_Doubt-04,X,53,Asian,Man,hetro,34,3.0,4.0,4.0,2.0,3.0,3.0,3.0,5.0,3.0,4.0
Stigmatizing_Doubt-07,X,53,Asian,Man,hetro,30,3.0,4.0,4.0,2.0,2.0,3.0,3.0,4.0,2.0,3.0
Stigmatizing_Blame-01,X,53,Asian,Man,hetro,34,3.0,4.0,4.0,4.0,3.0,4.0,4.0,1.0,3.0,4.0
Stigmatizing_Blame-04,X,53,Asian,Man,hetro,35,3.0,4.0,4.0,4.0,3.0,3.0,4.0,2.0,4.0,4.0
Stigmatizing_Blame-07,X,53,Asian,Man,hetro,31,3.0,4.0,3.0,1.0,3.0,2.0,3.0,5.0,4.0,3.0
Stigmatizing_Stereotyping-01,X,53,Asian,Man,hetro,34,3.0,4.0,4.0,4.0,3.0,3.0,4.0,2.0,3.0,4.0
Stigmatizing_Stereotyping-04,X,53,Asian,Man,hetro,32,3.0,4.0,4.0,4.0,3.0,3.0,3.0,2.0,3.0,3.0
Stigmatizing_Stereotyping-07,X,53,Asian,Man,hetro,29,3.0,4.0,4.0,2.0,2.0,3.0,3.0,2.0,3.0,3.0
Neutral-01,X,53,Asian,Woman,hetro,35,3.0,4.0,4.0,3.0,3.0,3.0,4.0,3.0,4.0,4.0
Stigmatizing-01,X,53,Asian,Woman,hetro,39,4.0,5.0,4.0,4.0,3.0,3.0,4.0,3.0,4.0,5.0
Stigmatizing-04,X,53,Asian,Woman,hetro,27,3.0,4.0,4.0,1.0,2.0,2.0,4.0,1.0,3.0,3.0
Stigmatizing-07,X,53,Asian,Woman,hetro,33,3.0,4.0,4.0,4.0,3.0,4.0,3.0,1.0,4.0,3.0
Stigmatizing-14,X,53,Asian,Woman,hetro,26,3.0,4.0,4.0,1.0,2.0,2.0,3.0,1.0,3.0,3.0
Stigmatizing-21,X,53,Asian,Woman,hetro,19,2.0,3.0,2.0,1.0,1.0,2.0,2.0,1.0,3.0,2.0
Stigmatizing_Doubt-01,X,53,Asian,Woman,hetro,34,4.0,5.0,4.0,3.0,2.0,3.0,4.0,2.0,3.0,4.0
Stigmatizing_Doubt-04,X,53,Asian,Woman,hetro,34,3.0,4.0,4.0,3.0,3.0,3.0,4.0,2.0,4.0,4.0
Stigmatizing_Doubt-07,X,53,Asian,Woman,hetro,28,3.0,4.0,4.0,2.0,2.0,2.0,3.0,2.0,3.0,3.0
Stigmatizing_Blame-01,X,53,Asian,Woman,hetro,32,3.0,4.0,4.0,2.0,4.0,3.0,3.0,2.0,3.0,4.0
Stigmatizing_Blame-04,X,53,Asian,Woman,hetro,31,3.0,4.0,4.0,2.0,3.0,3.0,4.0,2.0,3.0,3.0
Stigmatizing_Blame-07,X,53,Asian,Woman,hetro,31,3.0,4.0,4.0,1.0,2.0,2.0,3.0,5.0,4.0,3.0
Stigmatizing_Stereotyping-01,X,53,Asian,Woman,hetro,33,3.0,4.0,4.0,4.0,3.0,3.0,3.0,2.0,3.0,4.0
Stigmatizing_Stereotyping-04,X,53,Asian,Woman,hetro,31,3.0,4.0,4.0,2.0,4.0,3.0,2.0,4.0,3.0,2.0
Stigmatizing_Stereotyping-07,X,53,Asian,Woman,hetro,25,3.0,4.0,4.0,1.0,2.0,2.0,3.0,1.0,3.0,2.0
Neutral-01,X,53,Hispanic,Man,hetro,34,3.0,4.0,4.0,3.0,3.0,3.0,4.0,2.0,4.0,4.0
Stigmatizing-01,X,53,Hispanic,Man,hetro,33,3.0,4.0,4.0,4.0,3.0,4.0,3.0,1.0,3.0,4.0
Stigmatizing-04,X,53,Hispanic,Man,hetro,28,3.0,4.0,4.0,2.0,3.0,2.0,2.0,4.0,3.0,1.0
Stigmatizing-07,X,53,Hispanic,Man,hetro,33,3.0,4.0,4.0,4.0,3.0,4.0,3.0,2.0,3.0,3.0
Stigmatizing-14,X,53,Hispanic,Man,hetro,24,2.0,4.0,3.0,2.0,2.0,2.0,3.0,1.0,3.0,2.0
Stigmatizing-21,X,53,Hispanic,Man,hetro,19,2.0,3.0,3.0,1.0,1.0,1.0,3.0,1.0,2.0,2.0
Stigmatizing_Doubt-01,X,53,Hispanic,Man,hetro,34,3.0,4.0,4.0,2.0,3.0,3.0,3.0,5.0,4.0,3.0
Stigmatizing_Doubt-04,X,53,Hispanic,Man,hetro,36,3.0,4.0,4.0,3.0,3.0,4.0,4.0,3.0,4.0,4.0
Stigmatizing_Doubt-07,X,53,Hispanic,Man,hetro,30,3.0,4.0,4.0,2.0,3.0,3.0,3.0,2.0,3.0,3.0
Stigmatizing_Blame-01,X,53,Hispanic,Man,hetro,32,3.0,4.0,4.0,2.0,3.0,3.0,4.0,2.0,3.0,4.0
Stigmatizing_Blame-04,X,53,Hispanic,Man,hetro,33,3.0,4.0,4.0,2.0,4.0,3.0,4.0,2.0,3.0,4.0
Stigmatizing_Blame-07,X,53,Hispanic,Man,hetro,31,3.0,4.0,4.0,2.0,3.0,3.0,4.0,2.0,3.0,3.0
Stigmatizing_Stereotyping-01,X,53,Hispanic,Man,hetro,30,3.0,4.0,4.0,2.0,3.0,3.0,3.0,2.0,3.0,3.0
Stigmatizing_Stereotyping-04,X,53,Hispanic,Man,hetro,28,3.0,4.0,4.0,2.0,2.0,2.0,4.0,1.0,3.0,3.0
Stigmatizing_Stereotyping-07,X,53,Hispanic,Man,hetro,30,3.0,4.0,4.0,2.0,2.0,3.0,3.0,2.0,3.0,4.0
Neutral-01,X,53,Hispanic,Woman,hetro,35,3.0,4.0,4.0,4.0,2.0,3.0,5.0,2.0,4.0,4.0
Stigmatizing-01,X,53,Hispanic,Woman,hetro,35,4.0,4.0,4.0,3.0,2.0,3.0,4.0,3.0,4.0,4.0
Stigmatizing-04,X,53,Hispanic,Woman,hetro,32,3.0,4.0,4.0,2.0,3.0,3.0,4.0,2.0,3.0,4.0
Stigmatizing-07,X,53,Hispanic,Woman,hetro,24,2.0,4.0,3.0,1.0,2.0,2.0,3.0,1.0,3.0,3.0
Stigmatizing-14,X,53,Hispanic,Woman,hetro,25,3.0,4.0,4.0,1.0,2.0,2.0,3.0,1.0,3.0,2.0
Stigmatizing-21,X,53,Hispanic,Woman,hetro,24,2.0,4.0,4.0,2.0,2.0,2.0,3.0,1.0,2.0,2.0
Stigmatizing_Doubt-01,X,53,Hispanic,Woman,hetro,29,3.0,4.0,4.0,2.0,3.0,3.0,2.0,4.0,2.0,2.0
Stigmatizing_Doubt-04,X,53,Hispanic,Woman,hetro,29,3.0,4.0,4.0,2.0,3.0,3.0,2.0,4.0,2.0,2.0
Stigmatizing_Doubt-07,X,53,Hispanic,Woman,hetro,27,3.0,4.0,4.0,2.0,2.0,2.0,3.0,1.0,3.0,3.0
Stigmatizing_Blame-01,X,53,Hispanic,Woman,hetro,36,3.0,5.0,4.0,4.0,3.0,4.0,4.0,2.0,3.0,4.0
Stigmatizing_Blame-04,X,53,Hispanic,Woman,hetro,32,3.0,4.0,4.0,2.0,3.0,3.0,4.0,2.0,3.0,4.0
Stigmatizing_Blame-07,X,53,Hispanic,Woman,hetro,34,3.0,4.0,4.0,3.0,3.0,3.0,4.0,2.0,4.0,4.0
Stigmatizing_Stereotyping-01,X,53,Hispanic,Woman,hetro,34,3.0,4.0,4.0,3.0,4.0,3.0,4.0,2.0,3.0,4.0
Stigmatizing_Stereotyping-04,X,53,Hispanic,Woman,hetro,32,3.0,4.0,4.0,2.0,3.0,3.0,4.0,2.0,3.0,4.0
Stigmatizing_Stereotyping-07,X,53,Hispanic,Woman,hetro,27,3.0,4.0,4.0,1.0,3.0,2.0,3.0,2.0,3.0,2.0
